episode,season,category,beta_rTPJ,beta_visual_cortex,beta_auditory_cortex,beta_dorsal_striatum
s01e02a,1,Language,0.011080026600366416,0.4348770831044873,0.11035169371322917,-0.25517790587145156
s01e02a,1,Logic,0.02703395581439394,0.45220194324211616,-0.18705531885026971,0.07485516130517872
s01e02a,1,Identity,-0.6223858827788021,-0.8795625153213313,0.40901587258619965,0.16964027137523047
s01e02b,1,Language,-0.063876287244468,-0.01296878499141016,-0.5702783165593348,0.17992175129380877
s01e02b,1,Logic,-0.12855850207181194,0.22765917371539068,0.08850907628735334,0.038840521213109255
s01e02b,1,Identity,-0.8335733758173884,-0.2650564622981125,0.3471564517106327,-0.17219726095222843
s01e03a,1,Language,-0.03200905586957545,-0.04809112406149427,0.12814554652094476,0.1992391165594426
s01e03a,1,Logic,-0.31744808872343233,-0.31196976793551384,-0.41476091547716976,-0.06957369178164874
s01e03a,1,Identity,-0.2813424912976959,0.377382763784243,-1.053474553473826,-0.17797639914754226
s01e03b,1,Language,-0.15438484704116764,-0.3869003186191107,-0.06660664776660347,-0.5335330515111273
s01e03b,1,Logic,-0.2587078409505391,0.1767740905727204,0.34322560442166705,-0.060518149061341585
s01e03b,1,Identity,0.9776840585008177,-0.32865933542356013,-0.2755355606006191,-0.6319804667329483
s01e04a,1,Language,-0.8532857376617566,0.22384148477306043,0.6769990093701568,-0.16311426734196158
s01e04a,1,Logic,-0.10898969738057548,-0.15747435476846927,0.10628618747112743,-0.04197454050144067
s01e04b,1,Language,-0.23683183613413183,-0.6854060849027002,0.0078039574301162,0.11794336326960661
s01e04b,1,Logic,0.23411164495499065,0.23357933565948796,0.4697805594864216,0.09677129276178194
s01e04b,1,Identity,-0.21183506980654038,-0.7115503680130043,0.2140034854117716,-0.5144367247558604
s01e05a,1,Language,1.026019407705994,-0.016505656189808537,0.30562493422936043,0.35774773055332654
s01e05a,1,Logic,-0.05015613601892865,0.09364404921353979,0.33577334317961727,0.14421540398824106
s01e05a,1,Identity,-0.473667060064375,-0.8038690174586485,-0.33837873202014895,-0.09986554794548419
s01e05b,1,Language,-0.5712420217521139,0.3964235466091127,0.19354850400679452,-0.11910547415615416
s01e05b,1,Logic,0.23752665692721375,0.3251258106976922,-0.1490632387683374,-0.09172434755328093
s01e05b,1,Identity,0.2811287497823734,-0.5065679718498117,0.4248239149564864,0.015578507355567761
s01e06a,1,Language,0.1237383282575976,-0.5293274988761374,0.22746787396665302,-0.1551254261014402
s01e06a,1,Logic,-0.4879810163571581,-0.4010737660123909,-0.2552602794663513,-0.3012506952041031
s01e06a,1,Identity,-0.5670128434826214,-2.0302735776774252,0.17896105029899906,-0.5957779480928598
s01e06b,1,Language,-0.02475809189163833,-0.5804811389485922,-0.21307230722970683,0.1318338676147936
s01e06b,1,Logic,-0.05643215720100095,0.5061015080785026,-0.05183493435681248,-0.09830688137585736
s01e06b,1,Identity,1.1798555687108436,-1.852182165998685,-1.0602500039706613,0.10133173016907757
s01e07a,1,Language,0.18499401958184847,0.6254066393297824,-1.0565955584631255,-0.10767864022913884
s01e07a,1,Logic,0.354967008448028,0.14726538519706223,-0.7508955350050551,0.37637424443897716
s01e07b,1,Language,0.731748116469167,1.0227728354145789,-0.4152744257999991,0.43838524710147986
s01e07b,1,Logic,0.31786176286667667,0.5605351095052165,-0.012479633874206197,0.44832768603859086
s01e07b,1,Identity,-0.007314669814807495,0.30043779064581755,0.7678898440063676,0.617787628821644
s01e08a,1,Language,0.23060458922333515,0.5400224286765786,-0.6233568471706319,0.2205869253411566
s01e08a,1,Logic,0.14040132161079338,0.4590121772817684,-0.006874126937726294,0.13667176449314833
s01e08b,1,Language,0.6747337644664912,0.59102125849396,-0.13109762485309617,0.17005191247174664
s01e08b,1,Logic,0.6727398873079597,0.19824953326907116,-0.4809555100727741,0.2535403397966157
s01e08b,1,Identity,0.030298813598946026,0.9671154917760229,0.6957772966945799,0.3520853542655399
s01e09a,1,Language,0.28979346069087775,0.3681769192319302,-0.21118628805692408,0.41006785201249457
s01e09a,1,Logic,-0.022974547551867994,-0.3007929555642736,-0.6578598259174775,0.08380073688072698
s01e09a,1,Identity,1.2562166835691688,0.6819222896953063,-0.18250871588096526,0.5407861027514207
s01e09b,1,Language,-0.43827635693163414,0.6493574674933587,0.32040177542098336,0.06239367435472634
s01e09b,1,Logic,0.48524383431169166,0.15357084710676788,-0.5918265305326695,0.0643814496782854
s01e09b,1,Identity,-0.2586640530148424,-0.027751762126165418,0.8261521900166511,0.35728282075259404
s01e10a,1,Language,0.6375803103349402,0.8263726655039867,-0.4656642160689717,0.3391128432286284
s01e10a,1,Logic,0.34230788291462927,0.3365806600070247,-0.7101944182325057,0.07339934404716891
s01e10a,1,Identity,0.829894679304542,1.1184469438114624,-0.33678715763449774,0.6186683232343515
s01e10b,1,Language,-0.010435316979811557,0.10861776070299863,-1.0996926810314822,-0.1548756904122733
s01e10b,1,Logic,0.3539293595889439,0.9002742380665971,-0.2975710241654899,0.21564689136768153
s01e10b,1,Identity,-0.05724489622034087,0.8914683904594768,-1.1071035242631866,0.09477423530773099
s01e11a,1,Language,0.7350090505038506,0.4731086989652836,-0.451027403410164,0.33140166729785714
s01e11a,1,Logic,0.7013701238361009,0.5031006758042319,-0.30541032958419867,0.27141467394215585
s01e11a,1,Identity,0.7609562301167838,0.3894105444628301,-0.5478105977431005,0.08927556060107684
s01e11b,1,Language,0.493730663344805,1.0321238976418268,-0.5013866306147002,0.0036439767376759066
s01e11b,1,Logic,0.5428527403518542,0.187635772814974,0.12308783271889472,0.482870491470806
s01e12a,1,Language,0.09431775120974181,0.11565683489954749,-0.48109086151017544,0.12035064181119598
s01e12a,1,Logic,0.03837345900069123,-0.14250601514040714,-0.4185055980558364,0.12722342339772014
s01e12b,1,Language,-0.3827241171228905,0.43807735162493494,-1.0535635588239332,-0.39439846838024406
s01e12b,1,Logic,0.12450416843394088,0.15452478371886652,-0.6134625347912348,0.010811797644669947
s01e13a,1,Language,0.8880252892409747,0.07762211944489456,-0.47636857721273057,0.37442004096458803
s01e13a,1,Logic,0.19661407751657378,-0.29333925891067547,-0.6997861520354632,0.19424856538886345
s01e13b,1,Language,0.6197061362505282,0.6784553022599796,-0.1808241488373721,0.23019955410141976
s01e13b,1,Logic,0.3290671686377716,0.3978828915766541,-0.3831211051117238,0.5290535545003523
s01e13b,1,Identity,-1.224052340694235,-0.5921624837373973,-1.4735718115540222,0.2006474537185547
s01e14a,1,Language,0.09350922935509284,0.552074051019946,-0.14083905898499474,0.3482143639821097
s01e14a,1,Logic,0.7047728486377576,0.6910052932219961,-0.3703066465870327,0.1888419133162891
s01e14a,1,Identity,0.522262972278832,0.5158140531902372,-0.17927425705654118,0.4837178943107529
s01e14b,1,Language,0.47609369413767777,0.08936551289848355,-0.45305686363869824,0.3922410030240432
s01e14b,1,Logic,-0.045525384469175506,0.20732116659978767,-0.5068324226544632,0.10844537491660931
s01e14b,1,Identity,0.8639064960195031,0.36347506730857365,-0.8921275072661174,-0.1126231653142411
s01e15a,1,Language,0.33308310123338036,0.6056473843995757,-0.7597041897026098,0.4511265481968961
s01e15a,1,Logic,1.0898783807750712,1.0243999901146,-0.6202446816248315,0.5044392731736568
s01e15b,1,Language,0.14184522778275946,-0.22094345458572529,-0.59007590379078,0.216430536025736
s01e15b,1,Logic,0.18771015901235424,0.08722591903987473,-0.4127910478979119,0.20952611213170375
s01e15b,1,Identity,0.36343448437631676,0.9496324212911385,-1.7530133484002637,-0.2840889769158277
s01e16a,1,Language,0.6873831099157659,-0.11133850036984877,-1.1447984514681722,-0.30865102307469233
s01e16a,1,Logic,0.25492683066030164,0.45140992738805397,-0.06720019608953916,0.2540648466454659
s01e16a,1,Identity,0.7581507875379734,0.674324515183038,0.03228788811994415,0.31811048736347247
s01e16b,1,Language,0.144548723994649,0.5076101724223019,-0.022727801957293556,0.21431483753848868
s01e16b,1,Logic,0.22571598199476428,0.08279276612905748,-0.19740145784758448,0.20652375622901
s01e17a,1,Language,0.4118187201014569,0.4839600329379969,-0.9004452055323118,0.16294365596486446
s01e17a,1,Logic,0.29292160268697764,0.3115319335375779,-0.6469432362228371,-0.018527588116706184
s01e17a,1,Identity,-0.30654831909592306,0.07038468405766879,-0.782930596418177,-0.026679980535541478
s01e17b,1,Language,0.3377424762763095,-0.2689940531553482,0.11242002290014047,0.3420327901050537
s01e17b,1,Logic,0.6360408585685458,1.2284747548767339,-0.1412731276431362,0.2746602886004684
s01e18a,1,Language,-0.017087924581502163,0.03751755371802012,-0.2602184756830282,-0.020041608227897238
s01e18a,1,Logic,0.2855294924552917,0.15896555568620038,-0.5081622260050226,0.03611786307000089
s01e18a,1,Identity,-0.08598496286750468,-0.47074151978280454,0.1212660167315752,0.12882613873003657
s01e18b,1,Language,-0.14191368088038797,0.12107512810597351,-0.3959943246535083,0.09301057764389623
s01e18b,1,Logic,0.548998948026795,0.7069896852600672,-0.24748297591549123,0.21855370487988732
s01e19a,1,Language,-0.07671381746993938,-1.0780108479456219,-0.9640252036240509,0.07362090306012756
s01e19a,1,Logic,0.42083973832819754,-0.054273656642832735,-1.168466489163199,0.163973577104347
s01e19a,1,Identity,-0.4575196648789761,-0.4619170145192891,-1.600534663363379,0.5138399894039846
s01e19b,1,Language,0.335425558060669,0.08132474104094334,-0.6001187500145524,0.13737248639871957
s01e19b,1,Logic,0.02468158461882452,0.08132579089154757,-0.9089135774373921,0.038100904260601545
s01e19b,1,Identity,0.10865113136225577,-0.17671664058153078,-0.9977876471981854,-0.16015634117023134
s01e20a,1,Language,0.9163820788359615,0.33865486462287664,-2.170484992739975,0.046858168262069094
s01e20a,1,Logic,0.11960191757887925,0.6736150770754279,-0.49717265520964254,0.5208855018918449
s01e20b,1,Language,-1.6496440556917937,-0.21342443128183236,-0.12671265992740927,0.0520663647822114
s01e20b,1,Logic,0.42601722857631036,0.9618695485132478,-0.8740251544386989,0.401123757366468
s01e20b,1,Identity,0.076654430643314,0.4377431854118109,-1.1212414390463692,-0.052676591475289775
s01e21a,1,Language,0.7253599669455398,1.2542010377228459,-0.6300780314369039,0.7122158965873465
s01e21a,1,Logic,0.08333300313853326,0.0161560540929949,-0.664463301955079,0.16306662144008935
s01e21a,1,Identity,-0.27761096473028246,-0.49917063122202726,-0.9164293028301781,-0.020515353897135304
s01e21b,1,Language,0.8675340119522409,0.7617938492197485,-0.8230758120188285,0.587126077686777
s01e21b,1,Logic,0.4212117635596197,0.4791564798415233,-0.4304833877105934,0.2851799058607622
s01e22a,1,Language,0.30800385675992636,1.01101652096942,-0.18986172283623595,0.5117890513031504
s01e22a,1,Logic,0.39040959776261047,0.1786291650599123,-0.33865703576825174,0.4166586636509124
s01e22b,1,Language,0.5211343407834277,0.2784054508683567,-0.4051867285958773,0.24532848999172738
s01e22b,1,Logic,0.24456612412372536,-0.18365957515521003,-0.5982604091814452,0.2696648835612289
s01e22b,1,Identity,1.4492719235862714,0.6206993710352268,-0.887669244915669,0.4603191098318667
s01e23a,1,Language,-0.11469964134735543,0.2924535790673042,-0.43183049285495023,0.08802089742119387
s01e23a,1,Logic,0.0938571360645471,0.4474706019819905,-0.49092547500997585,0.09173464526505815
s01e23b,1,Language,0.3017876248322806,1.138313167506885,-1.1382907129903763,-0.22794821403551652
s01e23b,1,Logic,0.23254616423291935,1.0981082296949176,-0.47945275771186063,0.32765075755867434
s01e23b,1,Identity,-0.6073986710800264,0.15503465457941476,-1.1772001214514913,0.08839350937676159
s01e24a,1,Language,-0.03377866140595198,0.5982255036095966,-0.5905181679509278,0.22222605344087276
s01e24a,1,Logic,0.015505506936043795,0.7152474672564942,-0.4038779456487407,0.292779133942993
s01e24a,1,Identity,0.5184123715955913,-1.182892127347633,-0.8594956425727278,0.31823818888709005
s01e24b,1,Language,0.3542580767321894,0.581388774353162,-0.49808944942824473,0.6455339940641824
s01e24b,1,Logic,0.5041558500018334,0.3792933439480948,-0.3511209824468667,0.48048570819514763
s01e24b,1,Identity,-0.1553038422891993,1.4155942049617787,-0.31796949154270643,0.697864448631974
s02e01a,2,Language,-0.42705606210216784,0.277704753601919,-0.4835362955662232,0.1956758089530754
s02e01a,2,Logic,0.35412631638169245,0.707372616694851,-0.350570095140258,0.2036119132738159
s02e01b,2,Language,-0.2094493125334913,0.0791358824738417,0.009471236228809674,0.24266182193733352
s02e01b,2,Logic,-0.20924192054556995,0.2838918471377118,-0.7397764226886645,0.07754822902749839
s02e01b,2,Identity,-0.13042312258130773,0.023286682368464012,-2.4482901343117143,-0.852829132550899
s02e02a,2,Language,0.06695760519622293,-0.2253290223778903,-1.1761192167158079,-0.007035108894454287
s02e02a,2,Logic,-0.10081376906036366,0.3002519990848176,-0.3199942241732146,0.18021362417055908
s02e02b,2,Language,1.3116021856254159,2.3606108909152868,0.07140514930762897,0.1767172151153366
s02e02b,2,Logic,0.2488596353316195,0.3446111757723893,0.11653996993022142,0.2656387646937505
s02e02b,2,Identity,1.04696760123904,0.8475242467245587,-2.772157772329946,-0.32370027734042167
s02e03a,2,Language,0.6125475973048065,1.0562356085176776,-0.5002939636010821,0.3166620583682671
s02e03a,2,Logic,0.3099416114214375,0.7699090019804788,-0.997296827544749,0.18090953172147017
s02e03b,2,Language,-0.06804228101134974,0.15144937109901785,0.40051063421485256,0.24694655795473103
s02e03b,2,Logic,-0.23643568209691276,0.12742178466962262,-0.593811752535597,0.06487264740992255
s02e03b,2,Identity,-0.0021410929114488997,0.7231313296737725,0.2807701888048318,0.2891978102229419
s02e04a,2,Language,0.2020165145054879,0.28201345004718925,-0.060706770093249984,0.12757121832389054
s02e04a,2,Logic,0.17053058914029146,0.11078265529075473,-0.4728101188769573,0.19169600534172823
s02e04b,2,Language,0.10795413804929699,1.8432168955350798,-0.41604290039399705,0.10711355544129289
s02e04b,2,Logic,0.2369950411933717,0.8631305652505232,-0.058517182258613056,0.17504519719317205
s02e04b,2,Identity,-0.5039690569849116,0.19307711136218642,-0.23339691458398126,0.2739691834840999
s02e05a,2,Language,-0.7824749651041547,-0.53094186512026,-0.610269155061391,-0.1252219573765232
s02e05a,2,Logic,-0.1410818473840456,0.00318517893575318,-0.7528310784259308,0.07042761366751782
s02e05a,2,Identity,-1.3491124632953668,-1.7189634327175392,-0.8070981666965413,-0.060752401503427436
s02e05b,2,Language,0.43231559170559275,0.20218409188824749,0.15441945794193512,0.13453562008453324
s02e05b,2,Logic,-0.05491545370692327,0.34296990163138463,0.02719790724946175,0.4742960004536843
s02e06a,2,Language,0.6013081432854089,0.17661757614987791,-0.4855370151622273,0.2848637635930328
s02e06a,2,Logic,0.21216760357133724,0.5303605809137966,-0.1851005825102917,0.07740230594547248
s02e06a,2,Identity,0.8818065294115678,0.5301804461367584,0.7550785854730744,0.6425187554380968
s02e06b,2,Language,0.6045773149782003,0.8115412469077233,0.13362263938871238,0.22372991834282704
s02e06b,2,Logic,0.24213696914034946,0.08730148809225388,-0.5529480364736356,0.1139902005281653
s02e06b,2,Identity,0.63519892866518,-0.23249179018696828,-0.30229424679462086,0.27717962408758345
s02e07a,2,Language,0.7283381551253586,0.30627747315076337,-0.7264951455729287,0.13382586743333913
s02e07a,2,Logic,-0.27327667773629016,0.22193617250583836,-0.47185609852103666,-0.18731514494713794
s02e07b,2,Language,-0.8475429755444837,-1.203047290866949,-0.44129438345668615,-0.7739601079171461
s02e07b,2,Logic,0.504311558742065,0.34503790822741875,-0.0008396767716807238,0.09577078730126612
s02e07b,2,Identity,-0.30300322095357146,-1.7648934151918385,-1.2491139593997276,-1.1111355306597672
s02e08a,2,Language,0.09803673175948384,1.2626511949721817,-0.49295191714362635,0.02248792953738038
s02e08a,2,Logic,0.2814737082973705,0.686314793641868,-0.2762382697350011,0.3335405930858164
s02e08a,2,Identity,-0.030784653445086366,0.2867762500515843,-0.8490929667243449,0.520976549121732
s02e08b,2,Language,0.21599220052640458,0.5174733162781324,0.23296830836576177,0.12173904517388687
s02e08b,2,Logic,0.5493342958627562,0.395473025046976,-0.3551689402123759,0.24145447084743238
s02e08b,2,Identity,-0.05876974122231099,0.45444687022907715,-0.5652870474150841,-0.32813212191923874
s02e09a,2,Language,0.26093953273836645,1.097719838292328,-0.8947317947714046,-0.002844753912443359
s02e09a,2,Logic,-0.43856760584708754,-0.5381700880353888,-0.7623753033686623,-0.4918096933493125
s02e09b,2,Language,0.2723835383351838,0.21230606558376305,-0.7215976734010993,0.08344321575819691
s02e09b,2,Logic,0.6567586330212789,0.6360363128969857,-0.6204524519927959,0.17776353291786043
s02e09b,2,Identity,0.17779097481634973,0.6902901463095005,0.07139131401759488,0.21917292072595426
s02e10a,2,Language,0.23296971055903629,0.4500795419125014,-0.3839533992484736,0.008599501354509403
s02e10a,2,Logic,0.46235199607211797,0.4250193173047023,-1.1371253681162468,0.3133180687035608
s02e10a,2,Identity,-0.014789508019794659,0.5377622268085726,-0.3475153889044581,0.09477816935115783
s02e10b,2,Language,0.2964892466571825,0.09152916877549147,-0.39340612176159845,0.6076931890267574
s02e10b,2,Logic,0.6333729754814812,0.5978218983352759,-0.6283537707629985,0.29263105448569804
s02e11a,2,Language,0.6519270098123732,0.27861349920120027,-0.7147461472930834,0.08505507168645768
s02e11a,2,Logic,0.47917389271358674,0.6269281792098758,-0.4041750987448277,0.36405209848157916
s02e11a,2,Identity,1.1526929684867084,0.14667917613867157,-0.5056799725139234,0.3745204890211705
s02e11b,2,Language,0.4794628969649148,0.431340811426186,-0.0793746924346568,0.2136096101912529
s02e11b,2,Logic,0.30485535265513203,0.47527278893360353,-0.5098117620234105,0.2049609538567101
s02e11b,2,Identity,-0.4732875733392006,-0.12453952700127893,-0.7936690678454057,-0.3000564028677474
s02e12a,2,Language,-0.42171083285778727,-0.118641676949211,-0.62313189006868,0.4205155297940314
s02e12a,2,Logic,0.26691185568490783,0.5110902164337838,0.20147010897449072,0.27420215420297755
s02e12a,2,Identity,-1.0920941986992228,-0.8330891463923578,-0.7569849073823741,-0.11027044508872777
s02e12b,2,Language,0.16485550062965765,-0.0826055399729459,-0.3371421868662895,-0.04097291099061148
s02e12b,2,Logic,0.213284105264065,0.2860566592394971,-0.12138083545308824,0.26020889547409803
s02e13a,2,Language,0.03512407588267122,0.4706610602475817,-0.8397631923351566,0.1238925020884876
s02e13a,2,Logic,-0.31692037070854007,0.6394782896390576,-0.8542721375546412,-0.028529527737482296
s02e13a,2,Identity,1.1851027054746803,1.8426532411063472,-0.4470774926802137,0.42841543785747993
s02e13b,2,Language,0.011020812880779059,0.42342447526052573,-0.10630868421077813,0.06975703062244255
s02e13b,2,Logic,0.39892870919057577,0.23043695299802341,-0.3318832110315403,0.23363607072082115
s02e13b,2,Identity,1.1636652423645337,1.297727164374372,0.011489335818469532,0.6102794104370589
s02e14a,2,Language,0.8317503606581649,-0.8303041896243737,-1.100119405032971,0.3333522924724576
s02e14a,2,Logic,0.7566975551968282,0.832265394211896,-0.8656841287455179,0.3718837700762216
s02e14a,2,Identity,-0.09765334559563102,-0.13325012292422292,0.8292634579828817,0.3737395980852785
s02e14b,2,Language,-0.3550574206517086,-0.21689921937033618,0.1465443155211571,0.029096211831855224
s02e14b,2,Logic,-0.2836000870780817,0.6764725677612614,-0.11431905964437765,0.23864554169872648
s02e14b,2,Identity,-0.6311836863245778,-0.1898268903940749,0.7200130159564179,0.3018049065815348
s02e15a,2,Language,0.662509673891959,0.024121485973192525,0.11924240507363326,0.4002189950150579
s02e15a,2,Logic,0.11741482937885954,0.9961522446934773,0.40249473349049264,0.14641872682594928
s02e15b,2,Language,-0.1288825527849129,0.22841547699161321,0.2630582683449159,-0.07813261237714429
s02e15b,2,Logic,0.02264105250605189,0.3882120106749468,0.31349662575681514,0.2710794147468656
s02e16a,2,Language,0.6892134039970662,0.6825795380521392,-0.932377284500874,0.32897313212087487
s02e16a,2,Logic,0.034798428343548696,0.31865949027123697,-0.467362133553969,0.05996706502413165
s02e16b,2,Language,0.1484717354870588,-0.11980825489485003,-0.2969531224612034,0.13055438034046354
s02e16b,2,Logic,0.24111086326893222,0.520446597758379,-0.33211050873316433,0.3997727247072286
s02e16b,2,Identity,0.6826284280739537,1.2634187878562886,-0.3157954443777457,0.42766774035798716
s02e17a,2,Language,0.3706937844723831,1.0526241665164062,-0.9376264732751416,0.09754909424484885
s02e17a,2,Logic,0.5073915596054692,0.8282501441350716,-0.33035901625089525,0.42426771689969145
s02e17a,2,Identity,0.5246024290684453,1.084424615735926,-0.31919676629935007,0.3919486024845368
s02e17b,2,Language,0.2920755688118088,-0.3309241266971332,0.0012729762472612344,0.3961131760689035
s02e17b,2,Logic,-0.017534769205024225,-0.026846425638568094,-0.8970586671654863,0.5409772811775164
s02e18a,2,Language,-0.5262184132602528,0.2884158133774306,-0.7562921593584804,0.02785273994691806
s02e18a,2,Logic,0.1617983919871299,0.5094844137055694,-0.5103705320353652,0.17952907522782574
s02e18b,2,Language,0.5071702700305101,1.2540995032948832,0.3371071919066618,0.6782831017380222
s02e18b,2,Logic,0.20923963000745627,0.2611773815969757,-0.3787859176571606,0.2494110712100956
s02e18b,2,Identity,0.6258803394481097,1.4425832761706183,1.8513814160563866,1.437754676132699
s02e19a,2,Language,0.20784513277643124,-0.13256570661375344,-0.4607524270720263,0.4790377545852793
s02e19a,2,Logic,0.36690051046396543,0.42184387399695683,-0.18352978480230914,0.38771373682820787
s02e19a,2,Identity,1.292647426892169,1.0932790720827785,-0.8720614728108794,-0.06796261067628354
s02e19b,2,Language,0.4961320886407236,1.0747506305460375,-0.3988940699626651,0.7235524927104708
s02e19b,2,Logic,0.25166782868539783,0.3537853347095901,-0.0622240484019263,0.2797087681537768
s02e20a,2,Language,0.4335125162728243,0.3156011757265505,-0.39842584499796885,0.1765338473996799
s02e20a,2,Logic,0.8020035520615075,1.219064721535089,-0.2683074229888064,0.13938568809616797
s02e20a,2,Identity,0.648990518728197,0.44934206438831836,-1.0788552956912332,0.3393442708724286
s02e20b,2,Language,0.5172128456601597,0.7708553168956062,-0.383225311582825,0.47283564678635365
s02e20b,2,Logic,0.3325545709865726,0.6841828990785346,-0.6012253029653695,0.22808946352112963
s02e20b,2,Identity,0.5496865225182233,0.8385858812140027,-0.23631572169312642,0.49930867110427996
s02e21a,2,Language,-0.3225473957731743,-0.13738116311977153,-0.23552103965044158,0.03754180799125209
s02e21a,2,Logic,0.28338959201081726,0.30630048073098576,-0.20235068071558182,0.4170618963808436
s02e21a,2,Identity,0.7166017177785932,0.15696955820389438,-0.12119738120248831,0.2849913626309589
s02e21b,2,Language,-0.014156980325473908,-0.35935320784563246,-0.1327807159515929,-0.363924217053338
s02e21b,2,Logic,0.3237542164700534,0.39523620040505725,-0.29923374412513754,0.0804638325579507
s02e21b,2,Identity,1.685649682410594,1.0224394024066534,1.1758137803106161,0.6541880140982604
s02e22a,2,Language,0.4738425183605799,0.8391505268890189,-0.543591421593795,0.29662067727158725
s02e22a,2,Logic,0.5617436002058218,0.36034842210034496,-0.25647793351158654,0.4700927016930022
s02e22a,2,Identity,-0.9654070688656506,-0.5711093532894197,-1.0040593622408653,-0.7501877391331307
s02e22b,2,Language,0.3319826630320757,0.5585749378062069,-0.6571220611135625,0.11984879043467245
s02e22b,2,Logic,0.6074345259326687,0.363799550955013,-0.5226755213860016,0.25821768691385355
s02e23a,2,Language,0.9334553604390268,0.9280048350005047,-0.47578798549504153,0.14491724937495457
s02e23a,2,Logic,0.07133653355067901,0.16798341978742864,-0.7699576169663517,0.47177415159832903
s02e23b,2,Language,-0.455970052209426,-0.8476796048164355,-0.4552895646173021,0.16123222979895796
s02e23b,2,Logic,0.5059363371834851,0.6289146761522628,0.09493533356338274,0.17863672589803117
s02e23b,2,Identity,0.6102825828035736,0.6598285772133334,-0.20319411196967893,0.07988730057408922
s02e24a,2,Language,0.3560396104206863,0.3973822886199082,-0.26666443584143706,0.15949554903204263
s02e24a,2,Logic,0.3544863218802506,0.5307680485165709,-0.44056930002533556,0.130958077810802
s02e24b,2,Language,0.3584747806763732,0.42603313289547734,-0.5003283140455236,0.10597797459799957
s02e24b,2,Logic,0.3021950651264967,-0.005524535920955788,-0.5613654965072927,0.35111585390981426
s02e24b,2,Identity,-0.5791247196345508,1.3757209132079091,-2.056959810686261,-0.5564186462803415
s03e01a,3,Language,0.11062095710656769,0.5624210402787372,-0.7851427003278443,0.255183575369484
s03e01a,3,Logic,0.4692747859367611,0.7034111433982742,-0.3007134431766093,0.24379499142707417
s03e01a,3,Identity,1.3275099351253705,1.0163563084044536,-0.009794952803179213,0.5525087921961395
s03e01b,3,Language,-0.2773221352116956,0.3007218100349634,-0.22757947404871887,0.16626486164678494
s03e01b,3,Logic,-0.1657993115334646,-0.46480607125457957,-0.23895694577044937,0.221900633446775
s03e01b,3,Identity,1.359940242566116,1.392524338718534,-0.5306058327394975,0.9011962623612868
s03e02a,3,Language,0.3584971337501298,1.0278171846720165,-1.429138914618186,-0.027778829252032036
s03e02a,3,Logic,0.43257696705688464,0.37113589846037665,-0.21931084993643224,0.3815483682897327
s03e02b,3,Language,0.0010342738504925744,-0.012646931914996565,-0.3887125977283706,-0.01725076129308406
s03e02b,3,Logic,0.01917542496995811,0.15947169359306024,-0.38564094568578255,0.37015750231537475
s03e03a,3,Language,0.5728525886600893,0.18672834925244036,-0.6651318036744297,-0.03998223735401883
s03e03a,3,Logic,-0.4556145644704082,0.35480220592805894,-0.5485593213949368,0.17059634334391668
s03e03a,3,Identity,1.9442087641952202,0.6145372944222661,-0.7573904787287519,0.8016773947987845
s03e03b,3,Language,-0.11155831178816436,1.3998511682584673,-0.10232477938956541,0.15554753497590873
s03e03b,3,Logic,0.48779296250442666,0.7011040823155075,-0.060794003546970454,0.5343059282714656
s03e03b,3,Identity,0.10734654907031307,-0.531773132618566,0.46339774337031747,0.2962874354738675
s03e04a,3,Language,0.23072478350939432,0.017442690328990887,-0.48055293513056196,0.3703519119316079
s03e04a,3,Logic,0.7976505513225371,0.9188658617309068,-0.12744551000203136,0.27315091387756113
s03e04a,3,Identity,0.8243539611053436,0.0885474045275664,-1.2830138595235865,-0.06973814640602449
s03e04b,3,Language,-0.02686944231151385,1.3008581167182576,0.08155917856507178,0.300343008226965
s03e04b,3,Logic,0.2583011383168206,0.9119070693938467,-0.4958474102964769,0.2191959995328786
s03e04b,3,Identity,1.7128513769069178,-0.29369669107729945,-0.38996504147585465,0.5948040179408218
s03e05a,3,Language,-0.8041293229100459,1.1856571959373519,-0.2568992319088006,0.433317059164173
s03e05a,3,Logic,0.6779570596812748,0.6592369832280569,-0.9831726389287679,0.3836915364026768
s03e05a,3,Identity,1.3105368438098635,0.18546764426614343,-0.9786457617164347,0.6448362943128785
s03e05b,3,Language,0.5207799725890713,1.0503263113698604,-0.6456590680359473,0.28941338729604865
s03e05b,3,Logic,0.16694592913163597,0.002517571383378251,-1.0034530510567958,0.13095962475603476
s03e06a,3,Language,0.14135271273474942,1.4881930056531667,-0.22262387405347292,0.2964904907873861
s03e06a,3,Logic,0.5473475596401496,1.1917077780513408,-0.3629523354985976,0.2278795708099726
s03e06a,3,Identity,0.3730274148311489,0.7903939812518214,-0.744756350288939,0.7523372349879339
s03e06b,3,Language,0.6080145847770149,0.8294623375255932,-0.37494548975264563,0.26413340960049975
s03e06b,3,Logic,0.15986174231356218,0.5090055298699758,0.25638752222541217,0.24539150300290954
s03e06b,3,Identity,0.6395924164962968,1.1771601324765668,-0.5664719848909258,0.3253598570527142
s03e07a,3,Language,0.5675113019131044,1.503445671187206,-0.5911814798148082,0.6954843621208086
s03e07a,3,Logic,0.16834284853270998,0.24782641370806113,-0.5454803100588954,0.11665592644248937
s03e07a,3,Identity,0.5111820969119691,-0.06474035189689595,-0.5684819005498989,0.26890869961306507
s03e07b,3,Language,0.013823981766577259,-0.6025369854778672,-0.05591304317934398,0.29877515506525176
s03e07b,3,Logic,0.08190387082550953,0.3090840534334819,-0.2362179335920363,0.31432627736800833
s03e07b,3,Identity,-0.8997130177357968,-0.7105917411450705,-0.9035191334301036,-0.05589658417138399
s03e08a,3,Language,0.3840709444704081,0.97739019131491,0.20777707975108184,-0.026958804537798087
s03e08a,3,Logic,0.39595544103777874,0.19022947558791709,0.22132368662249668,0.11412058998319878
s03e08b,3,Language,0.7492841293760344,0.9896301456190597,0.23899673990146936,0.3153023394180568
s03e08b,3,Logic,0.628555336006983,0.0366781942707032,0.16098979261637053,0.2732132526832203
s03e09a,3,Language,-0.061123572800622555,0.5155658050290017,-0.5354284576294552,-0.06053545599685957
s03e09a,3,Logic,0.043668019411945674,0.5966481667676393,-0.7856767970714844,0.03365056516501076
s03e09a,3,Identity,0.7392453058972832,0.6762581496871687,-0.8845972880617319,-0.0793424769114767
s03e09b,3,Language,0.09491614840222248,0.06832147936204688,-0.5901901974081518,-0.5460500200411257
s03e09b,3,Logic,0.686861975760574,0.1748511959729917,-0.33034253591219687,0.06939508155380945
s03e09b,3,Identity,0.4781503309272487,-0.3044294339315149,-0.6164295655934685,-0.5061482333183214
s03e10a,3,Language,0.8840000039557199,0.8277025484052993,-0.16994276915434042,0.43744917939862726
s03e10a,3,Logic,0.5813549385430634,1.0885453618523675,-0.12220673335452353,0.4957057704874455
s03e10b,3,Language,-0.39328860629147716,-0.04699853721097842,-0.24271953266251242,0.016616395439606912
s03e10b,3,Logic,-0.10951149451806888,0.5145016889298064,-0.6339192882853145,-0.2384520878106821
s03e10b,3,Identity,-0.2400475330458392,-0.3527130337976059,0.3431193791789721,0.601842970943707
s03e11a,3,Language,0.6699552132355303,1.1912540701164667,0.11140103739978702,0.9187020489541072
s03e11a,3,Logic,0.16995829833731543,0.17176307397721113,-1.1634250247861924,0.23157848196140662
s03e11a,3,Identity,0.5015570022683669,1.6069702492489266,-1.3969113883348012,0.33966508090434916
s03e11b,3,Language,0.509790283097538,1.8699915813390484,1.3753858889835817,1.6502282454739685
s03e11b,3,Logic,0.10493587305100252,0.988416924372773,0.09364917865315292,0.26264978955233054
s03e12a,3,Language,-0.18095021082324544,0.031244815677830926,-0.6644801609970042,-0.3304684765260471
s03e12a,3,Logic,0.18753333878847586,0.5446305986356996,-0.7441809730819322,0.40185232671223253
s03e12a,3,Identity,0.6846330928951846,0.8719562493740272,0.012060905661189558,0.36291937629779975
s03e12b,3,Language,-0.41670552308766606,-0.08094839449388687,-1.1576278870558963,-0.10296326984577492
s03e12b,3,Logic,-0.09621816120704667,0.6182511401268667,-0.4514881488773577,0.19721333888406795
s03e13a,3,Language,-0.14955638611078653,-0.6145661517676289,-0.39593734091341243,0.265869549974737
s03e13a,3,Logic,0.5017651870207973,0.13478031292292642,-0.48310209691523054,0.39732752685910866
s03e13a,3,Identity,1.1204717518886527,0.36526336028547657,-0.9351281971181821,0.5235234817907327
s03e13b,3,Language,0.043630892245986874,0.6760689134280705,-1.0237223586088484,0.13921205412908544
s03e13b,3,Logic,0.7152329468129084,0.9427144011621293,-0.30931452585267694,0.10929773503951251
s03e13b,3,Identity,-0.009081831001766488,0.36441252904486576,0.0646117555028628,0.6503705383236775
s03e14a,3,Language,-0.41207138062183396,-0.09016312197666837,-0.6108523723693284,-0.26740158316067014
s03e14a,3,Logic,-0.008875800172243903,-0.10185159279258851,-0.3290345432047407,-0.028121455994180672
s03e14a,3,Identity,0.9937233520172551,0.9897437915893984,-1.5845520237059447,-0.08032745984186024
s03e14b,3,Language,0.03613031561311192,0.0799894554591352,0.44036532620931224,0.17511186142887508
s03e14b,3,Logic,-0.34722163187693683,-0.3439822132709489,-0.7993018414844518,-0.2965667800528195
s03e14b,3,Identity,1.0338435854387762,0.9159732959578624,-1.033644163213321,-0.01963070850980675
s03e15a,3,Language,0.4395083201344756,1.0363330200479173,-0.23565649960870155,0.3216763450418188
s03e15a,3,Logic,-0.5902669950099945,0.8441118190034542,0.16606779240333713,0.15166161398408612
s03e15a,3,Identity,0.3098379048501603,0.4047465708597632,0.06660725259375827,0.22758688062927723
s03e15b,3,Language,0.6127191628072368,1.3436915373197496,-0.27046080186600957,-0.013206450105822276
s03e15b,3,Logic,-0.29041904846775174,0.2844248852750163,-1.1067961944946427,0.02698472691139834
s03e15b,3,Identity,0.8673256552565637,1.059003460496955,-0.2857703610664458,0.6004204624211701
s03e16a,3,Language,-0.7795698524563829,-0.8573245787370891,-1.2772410499293412,0.06564952601270907
s03e16a,3,Logic,0.41745729089488215,0.5869301996569194,-0.4851336480853131,0.15803656830541915
s03e16a,3,Identity,1.68862984610333,-0.7435167498140911,-0.8126052379882156,-0.0054330500039584395
s03e16b,3,Language,0.21442252066392856,1.0143476110382073,0.38425337794842734,0.2258688242309344
s03e16b,3,Logic,0.5083443342433188,0.9543359430317089,-0.17276533736666919,0.2450178323080865
s03e16b,3,Identity,1.012993357666561,2.0139721047021792,-1.2612096466450409,0.49215839172649
s03e17a,3,Language,0.5982296441858121,0.7307242351537394,-0.5850778679662715,0.8508940452061244
s03e17a,3,Logic,0.06397718245584538,0.5873435460551959,-0.46350374879968487,0.2763400377378207
s03e17b,3,Language,0.10777150691192501,-0.547592889476945,-0.1865609840405494,-0.03788403000425436
s03e17b,3,Logic,0.4665056115496527,0.5885842237694513,-0.5248481267149909,0.0003787181824906338
s03e18a,3,Language,0.8278526092217814,0.8873616195993331,-0.30575221276970665,0.4973298259834613
s03e18a,3,Logic,0.5309833799503326,0.5332114864358241,-0.5607049527052257,0.12864494481980926
s03e18b,3,Language,-0.5525095184465645,0.0876624070738175,-0.3095818364741144,0.35577964924448674
s03e18b,3,Logic,0.2624630254013285,0.14941621475870565,-0.5611416476843905,0.03978846693501904
s03e18b,3,Identity,0.6702108758609568,1.5592646606524057,-1.4522618249936865,-0.5605570304081143
s03e19a,3,Language,0.24259999226190695,0.026578085109552563,-0.2881342603329873,-0.120996930712413
s03e19a,3,Logic,0.8545166421604603,0.9489108158154911,-0.6375606784546334,0.1659215507618948
s03e19a,3,Identity,0.24311886052159418,0.1365550561964382,-0.6827680435452642,-0.015377777939322934
s03e19b,3,Language,-0.37871585887102555,-0.5198540143952601,0.03756012194530134,0.014747824633562168
s03e19b,3,Logic,0.14142227047241188,0.4478287322164719,0.09500057265221418,0.37121645471514647
s03e19b,3,Identity,1.0352833573385676,0.002419520013725973,-1.9597435925342013,1.1607065715055522
s03e20a,3,Language,0.10808536575374544,0.06172185504845879,-0.45592330890417204,0.1830543040247542
s03e20a,3,Logic,0.11628692122917686,0.05235286481447104,-0.615661176107992,-0.10048864615874682
s03e20a,3,Identity,-0.21354214472988925,0.7982995916981972,-0.5833877634276216,0.004268604557557475
s03e20b,3,Language,-0.043396308175903064,0.6903856210708124,-0.03785698432101975,0.04950640773875806
s03e20b,3,Logic,0.2408494824733467,0.5149138855137536,-0.2032229353990343,0.3425562132922268
s03e20b,3,Identity,1.1599412967725333,1.5413428597990864,-0.05723249957279858,0.3378203493972204
s03e21a,3,Language,0.13484407203247795,-0.18166277448864288,-0.4999474455799029,0.3659118935436696
s03e21a,3,Logic,0.4405148034948516,0.19295569399507168,-0.8508976110834692,0.042545011603861885
s03e21a,3,Identity,0.5606381554832356,1.4812104783768552,0.46641562929469965,0.779067389133335
s03e21b,3,Language,-0.8132525834952995,0.27104087051055936,-0.1651654699079122,0.11632244034148305
s03e21b,3,Logic,-0.2639350714729527,0.0013713052473815976,-0.16336464191813183,0.1910576259799345
s03e22a,3,Language,0.16721831333027312,0.6427387618045356,-0.37724918834089205,0.3526196687329004
s03e22a,3,Logic,0.25184201193959743,0.5920874984942944,-0.5329031050982237,0.539244655939223
s03e22a,3,Identity,0.397574479543118,1.7479968129775285,-1.235099357203208,0.7546696746633605
s03e22b,3,Language,0.28208150768012624,0.33978352619571606,-0.5260401831765446,-0.01279193771167131
s03e22b,3,Logic,0.32179490240878317,0.6113579694268076,0.13849361760150383,0.3526445409488614
s03e23a,3,Language,0.15003524235749316,0.8028058598711831,-0.7300924834544373,0.5536158003568101
s03e23a,3,Logic,0.27318754860331534,0.4380419901790365,-0.921905992576463,0.1266705629736237
s03e23a,3,Identity,-0.7637842540683616,-0.7528565222702792,-2.470902333905738,-0.11395287205247812
s03e23b,3,Language,0.05230529003370872,-0.5356643194205881,-0.912182362944331,-0.17753433855138792
s03e23b,3,Logic,0.4510324019957983,0.7981634157710487,-0.4816749581521741,0.39842083308377535
s03e23b,3,Identity,0.05807545610283493,0.006838425144048588,-0.428784010669071,0.04182677378047031
s03e24a,3,Language,0.3416446838882794,0.6924752689487174,-1.2850557682801105,0.022185107997112347
s03e24a,3,Logic,0.09630150891007092,0.4909578745256623,-0.6126090476609808,0.09826005572503642
s03e24a,3,Identity,-0.7923826935311334,-0.8443585665537033,-2.0899138341279344,-0.427976790661215
s03e24b,3,Language,0.5296224746932402,1.2169829477183927,-0.23900525359084118,0.22190496166502646
s03e24b,3,Logic,0.14669674983886383,0.44715036863049856,-0.16423216872998347,0.25170614649570705
s03e25a,3,Language,0.22916930590263615,0.3382778611655731,0.04257889490517221,0.7819264235052935
s03e25a,3,Logic,-0.2718384685500308,0.556707220153736,-0.8676764368356363,-0.06199708639654187
s03e25a,3,Identity,0.13464891946826996,1.3448540641224107,-0.057122086763130825,0.6777305022635203
s03e25b,3,Language,-0.09276651843093048,0.5725313495262001,-0.3667847549391552,-0.035031614511420284
s03e25b,3,Logic,0.2072775541641072,0.8815450475311687,0.23151463687181117,0.1747379633867351
s03e25b,3,Identity,0.9159025243032147,0.9332896282960875,-1.9656218797436567,-0.49130368809134817
s04e02a,4,Language,0.27313070134194933,0.5225479433048006,-0.21514402339507557,0.09534346312252973
s04e02a,4,Logic,0.20522156733455854,0.6359731561374966,-0.22968125391662095,0.1845776319925544
s04e02a,4,Identity,-0.6441760945250291,-0.10658499854033085,-0.8373884360319064,-0.0006627698545795813
s04e02b,4,Language,0.32798152763927646,-0.08064989139204906,-1.0528992960235066,-0.11341118756530334
s04e02b,4,Logic,0.33324100819797814,0.25693190473198935,-0.6888153535324766,0.24752423241481825
s04e03a,4,Language,-0.04472870291545675,0.31246580792211387,-1.02963012027552,0.39128873765341643
s04e03a,4,Logic,0.038443492362454895,0.07798664683818785,-0.6555380495841658,0.10780406388969226
s04e03a,4,Identity,0.15413358351542927,2.7266624468764817,-0.17514255816035804,0.35962877252022774
s04e03b,4,Language,0.02068389385865317,0.7811528065252505,-0.5501505711760222,-0.10369593575382308
s04e03b,4,Logic,1.011225907024838,1.3369344425346406,-0.13431530262911845,0.3634325848772628
s04e04a,4,Language,0.5388672804188295,1.127003444412894,-0.3054602874089084,0.3877010296670197
s04e04a,4,Logic,0.14016618505645367,0.1870276179716724,-0.6821917409760229,0.008049762702813532
s04e04a,4,Identity,1.26750761676657,0.9089304136622282,-1.2304915563423349,-0.21391761510678572
s04e04b,4,Language,-0.025640986467305497,0.34808191370389596,-0.7432111838729724,0.4033669978747798
s04e04b,4,Logic,0.6306420031686871,1.236139920853601,0.12925637701393522,0.49121609589552345
s04e04b,4,Identity,0.5572064733703941,-0.0865719339325913,-1.6464733593351155,0.0985160700663507
s04e05a,4,Language,0.7500779330027673,1.1612525592978444,-0.471826813248492,0.565595315979863
s04e05a,4,Logic,0.49148136937675035,0.5732390412612547,-0.48594518125243064,0.40723951048866114
s04e05a,4,Identity,0.8832244424682689,0.8718126147908684,-1.2597575585465233,0.07983539763191536
s04e05b,4,Language,0.5468466581085489,0.6756568425806891,-0.3742119938811649,0.36993233232235784
s04e05b,4,Logic,0.590783141079464,0.8551180064920644,-0.492456830501984,0.18180113239613777
s04e05b,4,Identity,0.10309952637200069,-0.1413417167246708,-0.3028633382408964,0.4802647661250619
s04e06a,4,Language,-0.2841169430199421,0.49645558696542386,-0.43547725447320873,0.5802432578078859
s04e06a,4,Logic,0.9623943665937877,1.3607920206831468,-0.30380265942255935,0.6426410665732079
s04e06a,4,Identity,0.5177726565210494,-0.1934080678880119,-0.3267099841254547,0.3929520663534971
s04e06b,4,Language,0.27591220520651233,0.6525273501971057,-0.5097296592487605,-0.24131946031234616
s04e06b,4,Logic,0.599043153881821,0.7276614527202435,0.030732653071952647,0.49314717734319435
s04e06b,4,Identity,-0.2527340576307857,1.458291796272456,0.11885118746931263,0.38566666509567127
s04e07a,4,Language,0.31442364831231895,1.1073509196738565,-0.570578847583926,0.22192132232530745
s04e07a,4,Logic,0.1430484606194759,-0.2112433327132425,-0.4151506369550637,0.37910847460345554
s04e07a,4,Identity,-1.1482822940222577,0.21700954679880435,-1.424007848959929,-0.32449924754539144
s04e07b,4,Language,0.40611874045451324,0.2610882123455147,0.1848514371590787,0.5096863266034838
s04e07b,4,Logic,0.07054958472631978,0.39032914389474593,0.25327677737479076,0.404692743232198
s04e07b,4,Identity,-0.16754758622265475,0.9369525411388985,0.5316024247775788,0.7438722683685809
s04e08a,4,Language,0.2341566182005788,-0.7459874240462521,-0.7137798882085756,0.050521966371840754
s04e08a,4,Logic,0.008162036741600428,0.09211435414431565,-0.5728196992176078,0.2558941638474891
s04e08a,4,Identity,-0.09910353583066105,0.1503093890820898,-0.11932428585324756,0.4271315030147803
s04e08b,4,Language,-0.23598165430562038,-0.32949590450038,-0.30498277165050786,0.1473539559709855
s04e08b,4,Logic,0.2781772075488923,0.41509947250479695,-0.48382490164123626,-0.010058606836651374
s04e08b,4,Identity,0.3478718218462417,2.540079545977183,1.1928686365723777,-0.010851124636985177
s04e09a,4,Language,0.7433655736769592,0.3803132244667714,-0.49409288906656856,0.3646967681664559
s04e09a,4,Logic,0.46786913401781544,0.2102391185336936,-0.2629371927245141,0.19918130195676342
s04e09a,4,Identity,0.3757241197343621,-0.3113734559125556,-0.3794516714808154,0.13476447482288972
s04e09b,4,Language,-0.2819630747989418,0.8842261171021931,-1.0530852953141663,0.10546222134507724
s04e09b,4,Logic,0.45546349686857424,0.41852329604647265,-0.11225390659085228,0.32485409639363844
s04e10a,4,Language,0.40196243697968526,0.3056812611469183,0.029671075142547555,0.5923629726538878
s04e10a,4,Logic,0.8685824862299069,1.0285220759090856,-0.7731558407165988,0.23480000452525737
s04e10a,4,Identity,-0.5743685012571488,-0.9012958571133516,-1.3752270322691524,-0.411142596554982
s04e10b,4,Language,-0.07255171180257237,0.8493793237345193,-0.02161627691728185,0.4483455023585065
s04e10b,4,Logic,0.24572320026489833,0.5909073684194002,-0.3403588002267297,0.041172343037426146
s04e11a,4,Language,0.6328746313076111,0.7298246524062155,0.035177759323342356,0.7076055912521841
s04e11a,4,Logic,0.1499138076802114,0.7308323670971812,-0.5157868663505277,0.18565083376671443
s04e11b,4,Language,-0.6268208562749171,0.9437380217193975,-0.6277250741957164,-0.15556072773079266
s04e11b,4,Logic,0.20873083057381625,0.5017346551872559,0.1255476048366241,0.6373569847594696
s04e11b,4,Identity,0.6065178368604863,1.0184514753469613,-0.282720082634545,0.5125886112807259
s04e12a,4,Language,1.2986666649267622,1.718188149381558,-0.8895264611080445,0.3667689139846622
s04e12a,4,Logic,0.5427932924480549,1.507911713948046,-0.21578209108336194,0.3556278924519994
s04e12a,4,Identity,0.3561392208464401,-0.46805431489906635,-0.7501866086390324,0.04666265924602106
s04e12b,4,Language,0.03344198893251814,1.0812816159061984,-0.7254529607120132,0.13185128130722337
s04e12b,4,Logic,0.33531146303008413,0.27753862244293476,-0.39524495049269953,0.10478632065259898
s04e12b,4,Identity,0.025708396912149545,-0.6448803985743,-0.49440644680823265,-0.6351498323376581
s04e14a,4,Language,0.1446196587871373,0.4753766887581079,-0.9679800288847699,0.16596285636420316
s04e14a,4,Logic,0.11623110867057396,0.5248312172145753,-0.4341720043378967,0.1667730980427989
s04e14b,4,Language,-0.4453930335001657,0.14752379119288594,-0.4981966877286158,0.04803138097633802
s04e14b,4,Logic,0.2613958011023417,0.42969310612628836,-0.5612183986692394,0.08773817837201416
s04e15a,4,Language,0.20882433377060275,0.11057746788503461,-0.5581059376367455,0.19497311750423738
s04e15a,4,Logic,0.1981970666519256,0.5214940244497396,-0.6293070053174483,0.2960920404043682
s04e15b,4,Language,1.067633272931078,0.5567548135968335,0.010412216404425217,0.13375821585675435
s04e15b,4,Logic,0.20999416942871363,0.8276887176424269,-0.17894881535457788,0.5828669507312282
s04e15b,4,Identity,1.004341702531745,0.7649855637550214,-0.5510292219354094,0.23800991525572876
s04e16a,4,Language,1.0889337590055836,0.6276136352445326,-0.011487581055338703,0.261194037316589
s04e16a,4,Logic,-0.06469618195504075,0.2344047553620925,-0.5590075859144087,0.034964094380531295
s04e16a,4,Identity,0.6338256672755486,1.4052904246645312,0.007204164582846785,0.45564093414178564
s04e16b,4,Language,-0.04612169918573955,0.34167762864599377,-0.4867007352287354,-0.07412115171383209
s04e16b,4,Logic,-0.2536969460650033,-0.08296921859836293,-1.2262827009977932,-0.4277303977823488
s04e17a,4,Language,-0.02071613756470031,1.8824572843917142,-0.0012631602442588694,-0.0017716276228289252
s04e17a,4,Logic,0.42282283655249814,0.8113482443255953,-0.16322405930793563,0.317117335478903
s04e17b,4,Language,-0.5170498169604282,0.06327300046574966,-0.3945249821884129,0.22111615420292294
s04e17b,4,Logic,-0.2606382230177383,0.3483031431408935,-0.6269905931773767,0.02329172479948427
s04e18a,4,Language,-0.0713420238586108,-0.14697653264794291,0.7698455594372141,0.2912150788815648
s04e18a,4,Logic,-0.34019901742190106,0.43131247666144107,-0.158514738526756,0.03636264485428124
s04e18a,4,Identity,0.429634361728726,0.3225389121781805,-1.7000968939717391,0.2948610906200033
s04e18b,4,Language,0.8554633594571567,0.7376074936024257,-0.8210662639523089,-0.20687142402136122
s04e18b,4,Logic,0.045101823539236224,0.7831374432276396,0.12117819278228684,0.15919804431102536
s04e18b,4,Identity,0.12137390491077224,0.37714380310724105,-0.19262837275840713,0.052767515675487264
s04e19a,4,Language,0.2526760736540492,1.073487774827035,-0.19843327968024807,0.50132087078856
s04e19a,4,Logic,-0.2571774948700521,0.4093814494681618,-0.7198323976707619,-0.034878302955847
s04e19a,4,Identity,0.3027533351251565,1.0069767707553567,-0.3888295394519018,0.2990493189413416
s04e19b,4,Language,-0.1627460136725964,0.2320518865241495,-0.36774938521785827,0.05662216319060659
s04e19b,4,Logic,0.5153407033544057,1.103747601005055,-0.12135427372981666,0.35732267413925956
s04e20a,4,Language,0.20775007828052838,0.8997490761701064,-0.3445392826567567,0.3235635779874578
s04e20a,4,Logic,0.35966175206015405,0.5349523922260268,-0.7399874691470925,0.3048131377096509
s04e20a,4,Identity,0.8239249029349988,1.5481057732524368,-0.09488455360385173,0.46135245735748864
s04e20b,4,Language,0.16713968969653822,0.2870989402609233,-0.38782372171893714,-0.42919664777453054
s04e20b,4,Logic,-0.001711860615001115,0.04381861000406706,-0.5590924783466384,-0.011789210138543517
s04e20b,4,Identity,0.1948751349223608,0.15044254463486623,-0.7319788691535773,0.018219048633827742
s04e21a,4,Language,0.1722808909118681,1.531026802523551,-0.412531927520094,0.16743595790970245
s04e21a,4,Logic,0.04453129570526372,0.9315252279633739,-0.39372766533968395,0.023875565202033044
s04e21a,4,Identity,-0.026156841893959393,1.2944100327845334,-0.8077856550730054,-0.006430605613368778
s04e21b,4,Language,0.3535184435995405,1.3075141482353003,0.40593779496249843,0.6895041132630892
s04e21b,4,Logic,0.1564826444981337,0.33772398609474213,-0.32382405632992844,0.28469312657593093
s04e22a,4,Language,0.2768075073635573,0.7380266576286992,-0.1426970580199268,0.36730513107004154
s04e22a,4,Logic,0.22731823158240594,1.2424395083001762,-0.06446887177049024,0.4313646077074197
s04e22a,4,Identity,0.6828704776146577,0.777646827315831,-0.24066232586536032,0.2150112775711111
s04e22b,4,Language,0.7587982996967634,0.9736520530595061,-0.05194455385568403,0.2953057234595342
s04e22b,4,Logic,0.3145369845235724,0.3929258902362951,-0.31461620301502113,0.3418797977215766
s04e22b,4,Identity,-0.4366686527547576,-1.2704563880037045,0.16462618276043567,0.550212308066395
s04e23a,4,Language,0.576081659373732,0.24841868963548783,-1.073918417851807,0.21753229194672372
s04e23a,4,Logic,0.5568034419082784,0.2777957449258388,-0.8318713701590715,0.09276870872991186
s04e23a,4,Identity,0.2466459909597865,0.8037923842885565,-0.9875037054798173,0.29219663053305367
s04e23b,4,Language,0.21063072387813422,-0.9040539698869131,-0.9165182368252983,0.009695115656932249
s04e23b,4,Logic,0.13594426190419023,-0.23138742928030137,-0.11393205852251838,0.22523843528149515
s04e23b,4,Identity,0.44398197667482875,-0.945175932883191,-0.2730106117603742,0.05237592791043134
s04e23c,4,Language,0.24293494009628916,0.6317742349935865,-0.21476620066504196,0.4115908761729583
s04e23c,4,Logic,0.40778008520173215,0.15524677122723005,-0.4316600449471101,0.198189904061103
s04e23c,4,Identity,-0.05741530397280599,0.5955363955834934,-1.7320454673653007,0.06198239670980482
s04e23d,4,Language,0.16452169526018942,0.5312601989821315,-0.4544703731110571,0.20145271075098897
s04e23d,4,Logic,0.1883599385357327,0.4685242390994875,-0.4681669947350482,0.0892839991061729
s04e23d,4,Identity,0.9485338368292852,0.6613154631943972,0.7238420192960476,0.26600716680167574
s05e01a,5,Language,0.844620447276244,0.9306415903067422,-1.1041281304459745,0.05732404395039817
s05e01a,5,Logic,0.6662738838906453,0.7841521212690443,-0.22573860780722038,0.20080454360716576
s05e01b,5,Language,-0.4899773031982783,0.9409330434663364,0.35020264402282725,-0.14577503946205794
s05e01b,5,Logic,0.329889886865901,0.9302379244597203,-0.11397397429831903,0.3346604405327939
s05e01b,5,Identity,-0.48612317667015015,-0.3716067898258501,0.41776372813992996,0.7576487830741792
s05e02a,5,Language,0.45600181800830175,0.7368601429955093,-0.25165183725108925,0.2799363232631197
s05e02a,5,Logic,0.09929424530816633,0.5796724125501452,-0.5022136151187396,-0.03862388496324145
s05e02a,5,Identity,1.207248829117461,0.4217260795275838,-0.6430865677647365,0.41660445096368864
s05e02b,5,Language,-0.43937241879181377,-0.40301672130900057,-0.8459989209243441,-0.12320434787077374
s05e02b,5,Logic,0.5261121502235677,0.27970774050169667,-0.16563232185919582,0.3007035353321232
s05e02b,5,Identity,0.4641484431683445,1.0419258132703464,0.36208573366288127,0.2375217831306412
s05e03a,5,Language,-1.2111828267130764,-0.12257775724964026,-0.1750240566244638,-0.12064208068054583
s05e03a,5,Logic,0.09495557598414044,0.796691288373512,-0.3118433456081126,0.20299395552651553
s05e03b,5,Language,-0.21712504836201058,-0.28732439897114553,-0.4555820585738709,-0.02718306518434374
s05e03b,5,Logic,0.24842452749129945,0.5364391484870685,-0.566169483682747,0.05678494762695513
s05e03b,5,Identity,-0.07903735384293406,0.5143871382592325,-0.4632159687273449,0.21566659198205937
s05e04a,5,Language,0.8940927612082799,0.29638257268951473,-1.06922295656563,0.27521409163190574
s05e04a,5,Logic,0.02489862676481791,0.5484527996163538,-0.3990303302586427,0.13136243659100014
s05e04b,5,Language,1.0754238153837274,1.9712953513246096,0.3050433472585744,0.6203296042733092
s05e04b,5,Logic,-0.17394423521215216,-0.12132576317196286,-0.1666719487482689,-0.1268937388541733
s05e04b,5,Identity,0.8945364346182483,1.6052209023358022,0.01742042580371897,-0.0633592976570132
s05e05a,5,Language,1.0090181200108277,0.5587963790350775,-0.9369607250704717,0.6857789911704755
s05e05a,5,Logic,0.29715995998822575,0.7173902147257765,-0.31355910526680164,0.2173073272142883
s05e05b,5,Language,0.05820813053926066,-0.8826746043653413,-1.0815865460254586,0.15709428658536667
s05e05b,5,Logic,0.3867968097204094,0.13541730720090928,-0.5185474857263846,0.33291840954634866
s05e06a,5,Language,0.7009104249877356,-0.6508522569535314,-0.933169219565019,0.03122569750918487
s05e06a,5,Logic,0.4733884586981614,1.139025874995542,-1.1049382814804019,0.37250196901501076
s05e06b,5,Language,0.27348595418296373,-0.15244467841289408,-0.1280140280586189,0.1713766829334195
s05e06b,5,Logic,0.3470561850231571,0.07949933635055068,0.14079839833855826,0.1020031455884296
s05e06b,5,Identity,-0.23156230735611028,-0.38287872477007157,-0.42008595035380514,-0.2918203530032716
s05e07a,5,Language,-0.3590151293409617,0.49811575794636986,-0.3814468155117641,-0.0031633493080986397
s05e07a,5,Logic,0.7450541308663056,0.5219406223293632,-0.6170414547336788,0.45809538629450886
s05e07a,5,Identity,-0.1192802918457504,0.24430053078282143,-1.7681807804249519,0.07407828568278485
s05e07b,5,Language,0.27467922932840333,0.9149995095196529,-0.8428979805201111,0.27850038625668005
s05e07b,5,Logic,-0.06287001941269593,-0.12234563028190608,-1.0353344425190054,0.03942995885963383
s05e07b,5,Identity,0.2610470278910645,-0.2662160415163113,-0.6289182120224763,0.04172421237672075
s05e08a,5,Language,0.7714583783726968,0.5454184561470703,-0.849599992845727,-0.31774736964837846
s05e08a,5,Logic,0.7447999489717776,1.007739471658453,-1.1155668060505428,0.026331714971941443
s05e08a,5,Identity,0.6066176424809977,-1.26377126701402,-0.8892654234700194,-0.4182241914888039
s05e08b,5,Language,-0.6293884845000935,-0.5038531195802896,-0.3720534497854998,-0.05436884970473764
s05e08b,5,Logic,-0.07685068979705126,0.4740103914333337,-0.6899626638480142,0.14528970586117346
s05e08b,5,Identity,1.0795893584335166,1.598683246309661,-0.15322940963923826,0.016245814892306754
s05e09a,5,Language,0.037994754060610314,0.9013916285130755,-0.4237088286905986,0.5554204249086971
s05e09a,5,Logic,-0.022111441626271856,0.2971919232166033,-0.9786976308320222,-0.08385211370945082
s05e09a,5,Identity,0.3763635885575394,0.8898060310469293,-1.6542531846874806,0.4719550750339501
s05e09b,5,Language,-0.018949523512837796,0.477938257691424,-0.9430423889404448,-0.5964451036275505
s05e09b,5,Logic,-0.03815698349352403,0.30454876686169713,-0.5575104651946045,0.233648317078355
s05e09b,5,Identity,0.6035134776758858,0.20787716034037362,-0.5824770034559005,0.04000099988927082
s05e10a,5,Language,0.29473608028257875,-0.12190488619756344,-1.6848261437905978,-0.31270044076652986
s05e10a,5,Logic,1.500526812474363,0.876115696030575,-0.23357024774991927,0.6228171220844175
s05e10a,5,Identity,0.5720306428767079,-0.8066351070341522,-0.10683243846998264,-0.1575522135326463
s05e10b,5,Language,0.5726314753353271,-0.07152922952169116,-0.375735885308097,0.14030005108375565
s05e10b,5,Logic,0.5903938778145765,0.5284171609185975,-0.5562906522960478,0.4564638814519365
s05e10b,5,Identity,0.5903467481847574,0.9242045997889152,-0.05730892851308128,0.3153559342504086
s05e11a,5,Language,0.5892002923904324,-0.07827770319336594,-0.9682076560594547,0.46934941765945115
s05e11a,5,Logic,0.7492416307363879,0.42047676899402764,-0.37247148979489525,0.5247765172190775
s05e11a,5,Identity,0.27652577550622703,1.7757614202837115,-1.1799498809985194,0.2727656186646059
s05e11b,5,Language,0.3111732451785872,0.6132425367185667,-0.9701692364215332,0.3058113925669979
s05e11b,5,Logic,0.5628291783024068,0.3874079358668221,-0.1626266022382033,0.1706253961948734
s05e11b,5,Identity,0.9525093453626331,0.9365087185075137,-0.21284099666925904,0.4324129086985858
s05e12a,5,Language,0.3064636834155162,0.5177006736495775,-0.3301239523260658,-0.3010572284230406
s05e12a,5,Logic,0.3049311551610569,0.3776296454495374,-0.7157951314744381,0.313783026974162
s05e12b,5,Language,0.21760769240718691,1.5327672534810288,-0.115677140896851,-0.07973712073724386
s05e12b,5,Logic,0.6228991370324689,0.6246328607652704,-0.10763479840873803,0.26119913180593735
s05e12b,5,Identity,0.6146515449857126,-0.28501797970287407,-1.8848032236411694,0.13221408171881316
s05e13a,5,Language,0.7710356839055907,0.7357049225991039,-0.8525255293046123,-0.048288057843182866
s05e13a,5,Logic,-0.013733420732413598,1.0423164967006548,-1.0143695132646873,-0.08812637957177899
s05e13a,5,Identity,1.3052782950198862,1.654562202187895,0.35500303906480113,0.1855335374988092
s05e13b,5,Language,0.7242624930730326,0.39324587418149015,1.0668974070761583,0.4700899403726013
s05e13b,5,Logic,0.48389183942334657,1.7195109221219274,0.27251521927094974,0.4657792385749095
s05e13b,5,Identity,-0.4391334191414941,0.29228168809187316,0.4850812653106733,0.5718184558996005
s05e14a,5,Language,0.28242492862884205,1.0523766007748474,0.35273409528151944,0.2812896513050012
s05e14a,5,Logic,0.7713514426362938,0.48717804046406954,-0.44461930252830695,0.3138604296578988
s05e14a,5,Identity,-0.4207615964761038,0.21822834611864705,-0.9705883030419896,-0.044839198495342514
s05e14b,5,Language,0.5654793728498553,0.6878620829155693,0.21225903904471233,0.4687600719505884
s05e14b,5,Logic,0.4266652271010839,0.5315922811526962,-0.31233817280374204,0.2550821234062685
s05e14b,5,Identity,0.7697410015902988,-0.8645275575595546,-1.1430137468374408,-0.8127231697929009
s05e15a,5,Language,-0.4653930775355022,-0.17637740391611476,-0.5063255501640028,-0.06778949463818801
s05e15a,5,Logic,0.3960685055142122,0.2843317650704136,-0.25600137524909017,0.31668687245204147
s05e15b,5,Language,-0.3761599410496316,-0.15812198656234394,-1.17134689655399,-0.5069839471101503
s05e15b,5,Logic,0.5648492412594712,0.509507630033593,-0.5168147221849829,-0.0071776603731274514
s05e15b,5,Identity,-0.35458075992107335,-1.7248723580801042,0.6479795682727867,-0.34455885769650574
s05e16a,5,Language,0.7631013866788999,0.2491084136190227,-0.39804491116377677,0.10696208394758897
s05e16a,5,Logic,0.25957346762029004,0.36114878582598686,0.03051127284570082,0.314332629203566
s05e16b,5,Language,0.016532469283763576,0.09117650734278716,-0.43714726127852177,0.147747633976027
s05e16b,5,Logic,0.3310295366493213,0.11761489520788483,-0.6402940062044489,0.10999417605346208
s05e17a,5,Language,0.9401230612517655,0.589092972613187,-0.4442042807121226,0.3362430029816779
s05e17a,5,Logic,-0.006490942992975264,-0.21057770371625334,-0.921401071219978,-0.0691214337670468
s05e17a,5,Identity,1.4623850871257775,1.2255082084916618,-1.191112485358613,0.5021597813808568
s05e17b,5,Language,0.6717659433794202,0.4855676949890557,-0.5480514726481849,-0.0032211815922134138
s05e17b,5,Logic,0.35427719012554426,0.35185525123176264,-0.45642965228173626,0.2547323282507904
s05e17b,5,Identity,0.16497237373289747,0.9011091063476557,-0.5889354881757318,-0.2636359845447876
s05e18a,5,Language,-0.21076664748382692,0.38023863763701565,0.8474534951736437,-0.14132950465956806
s05e18a,5,Logic,0.10469929240881795,0.11106304970432476,-0.8525602351981652,0.345946819831771
s05e18a,5,Identity,0.4372400581639914,0.18424813121582692,-0.16983055219232174,0.29510711696156644
s05e18b,5,Language,-0.2735730000175358,1.0869365876786965,-0.7027255668279881,0.4497622263844997
s05e18b,5,Logic,0.39872305243455897,0.39006387073338344,-0.4794544404120731,0.397483788911808
s05e18b,5,Identity,0.13243401726708243,0.8082222770783489,-0.39219353157714765,0.26115295962191476
s05e19a,5,Language,-0.15740553491228987,0.8687569273973197,-1.620838221147358,-0.10841270582135965
s05e19a,5,Logic,0.25153803015420834,-0.23582154181332718,-1.1855640627838222,-0.06243487923615831
s05e19a,5,Identity,0.18093281085382432,-0.8982810204132793,-0.5704476468861543,0.4684587922626344
s05e19b,5,Language,0.4683544796789198,0.09467444539249345,-0.37309989564148893,0.3489036572547273
s05e19b,5,Logic,-0.09064157909114903,0.2693505455671785,-0.7807828288095523,0.24427535410989498
s05e19b,5,Identity,0.03542910904820488,0.17958390487446235,-0.16077126982851433,0.5816095231457747
s05e21a,5,Language,0.470062893702481,1.791639632754912,-1.1870103692389404,0.07316184428852596
s05e21a,5,Logic,0.33790519119622736,0.5444642744876174,-1.0099191217550123,0.3006395672801786
s05e21a,5,Identity,0.7800667117037773,1.3181817664874107,-0.04328228114759636,0.7702143782591326
s05e21b,5,Language,0.36782565946473833,0.28474886020961165,-0.22955839131679173,0.4646824381201684
s05e21b,5,Logic,0.9752135049070176,1.4491994972855458,-0.5831167878017933,0.27969064763412566
s05e22a,5,Language,0.5327092199841815,-0.3931331417426762,-1.4426398357905987,0.2688072392402129
s05e22a,5,Logic,0.7847824092297108,0.5233891782971972,-0.39694279691029766,0.274365374888142
s05e22b,5,Language,1.1802901397723193,0.9257804269510483,-0.5556823984424976,-0.003388552596616375
s05e22b,5,Logic,0.5529446788427418,0.8904121853530054,-0.5716538529859295,0.25971502363164645
s05e22b,5,Identity,-1.1518770509587737,-2.3897786610847027,-0.8974730619496828,-0.3445457512385784
s05e23a,5,Language,0.10471401106396601,0.043474946283343446,-0.9791428609037724,0.03045170900021306
s05e23a,5,Logic,0.3924364658719147,0.6437575132335506,-0.5041301768708285,0.29219302011019027
s05e23a,5,Identity,0.9967532814303826,-0.14978599027399794,-0.6010831656736674,0.6926312761247494
s05e23b,5,Language,0.7026999584327274,0.02691882461232044,-0.427339079354818,0.2797305292838383
s05e23b,5,Logic,0.28117161916469247,0.6678379588037705,-0.6489803193174801,0.27835425863538665
s05e23c,5,Language,-0.17380083763855556,0.6138181500572282,0.34968920981977303,0.24319544512637936
s05e23c,5,Logic,0.014963952936876454,0.40323445667207364,0.20473668553604207,0.4003009146031581
s05e23d,5,Language,0.6996673751439557,2.0754228497352982,0.8135284285533289,0.166941089390337
s05e23d,5,Logic,0.26510198733974183,0.4167400462626825,-0.287940066662112,0.11205975530265071
s05e23d,5,Identity,0.29136359594346534,0.8662092115116189,-0.05339184081342191,-0.16432842707376488
s06e01a,6,Language,0.2610273418737199,0.4400610313203138,-0.7123954098206744,0.17821078778783186
s06e01a,6,Logic,0.41810580480924847,-0.11751686420679791,-0.9131665522945382,0.19591445113956155
s06e01b,6,Language,-0.2652308420817575,-0.4067495749012391,-0.2159915580651942,-0.18256231021189578
s06e01b,6,Logic,0.6430268731365132,0.038304748158693704,-0.5768503676303764,0.29296768335311063
s06e01b,6,Identity,0.7715349131454529,0.6366276773137323,-0.25433218432091464,0.42071594930348943
s06e02a,6,Language,0.5400778250937958,-0.4371206941439479,-0.8165664754935263,0.15924073823730636
s06e02a,6,Logic,0.8580491854903729,0.6577691784385038,-0.40686928811531053,0.5746114525428669
s06e02a,6,Identity,1.0017237272520991,0.44541154493726376,-0.053317975388584016,0.14071773958056238
s06e02b,6,Language,0.4198865019997776,0.7568607645388793,-1.2307701746821929,-0.34890552733935076
s06e02b,6,Logic,0.03893631450738966,0.8099216533792585,-0.03567651615517884,0.37211665907323754
s06e04a,6,Language,1.1922163657994804,0.8589568260642184,-0.2595620144478781,0.47209084928744205
s06e04a,6,Logic,0.40722390259619917,0.9853771543062764,-0.683495748693251,0.32010144812866753
s06e04a,6,Identity,-0.7307475738672361,-0.2951156193158726,-0.5280524521784853,0.6477996685123909
s06e04b,6,Language,0.035760162144428086,0.5414323032206008,-0.37016777296065084,-0.06088956268883809
s06e04b,6,Logic,0.406047273220544,0.6429746562534295,-0.2610580848177438,0.4322286975354247
s06e04b,6,Identity,0.418236412362369,-0.1463121623698014,-0.6639635472314668,0.15908530014423672
s06e05a,6,Language,0.6581764431563136,0.058478141293239305,-1.087263468877338,0.1919870126195605
s06e05a,6,Logic,0.659740950899657,0.9596908746860892,-0.38830811853878855,0.3676719058239843
s06e05a,6,Identity,0.48291383999818566,-0.2873666963061615,-0.32680488374338057,0.4263414826982832
s06e05b,6,Language,0.5092784070813887,0.8015096882013875,0.14425503755429048,0.07267525678303277
s06e05b,6,Logic,-0.056828824207906116,0.06872679184738091,-0.806964253593246,-0.06280374590283454
s06e06a,6,Language,0.49572645220614,-0.29689845429915535,-0.7227369962715104,0.11523854821707974
s06e06a,6,Logic,0.8506699791520861,1.6032244038930212,-0.16431580528662587,0.7152229492968174
s06e06a,6,Identity,2.198800166674724,-0.7772670468687191,-0.22010000086115195,1.047380733649144
s06e06b,6,Language,-0.5001206465358126,-0.6949024883485737,-0.8636197936667775,-0.28797626782912417
s06e06b,6,Logic,0.08483417978333649,0.4140853386674244,-0.37907054168250315,0.1478391288301507
s06e07a,6,Language,0.14837126670245204,0.8061429116475911,-0.5580821365655452,0.14556576941772392
s06e07a,6,Logic,0.33436406100088784,0.578702317923539,-0.6500643853655717,0.4446124152889502
s06e07a,6,Identity,0.2805755756300031,0.7948605387087179,-0.6886403396997745,0.1363987109805342
s06e07b,6,Language,0.4228497519265999,1.4069474568531188,-0.9081525422061412,-0.09611140291230798
s06e07b,6,Logic,0.34841709432175444,0.6302097784909343,-0.6931443953652522,0.2519438027741672
s06e07b,6,Identity,0.07329436308135602,-0.3774069908820481,-1.4669016765270262,-0.2990248153674918
s06e08a,6,Logic,0.2803719513436283,0.17396573766012868,-0.8790072449193036,0.12151594334543406
s06e08a,6,Identity,0.7070080704157149,0.3175027424107797,-0.46925970853166454,0.10102396462520172
s06e08b,6,Language,-0.7904509549079022,-0.6281158949712364,-1.1479514900552206,-0.898544915797924
s06e08b,6,Logic,0.030022684525289292,-0.19913052792225075,-0.6274229707727055,0.20070798950157187
s06e08b,6,Identity,-1.2782908041919467,0.11241224533378745,-1.0683461871536073,0.1432107127294819
s06e09a,6,Language,-0.2865024864961173,0.3146521856108199,-1.208700760975583,-0.32856881542507765
s06e09a,6,Logic,0.6112442494773315,1.094947887130508,-1.2886449302138618,0.31151327043657623
s06e09a,6,Identity,0.3986371633118738,0.30284816015295374,-0.9497676833410696,0.33209211443967257
s06e09b,6,Language,0.6043114733290734,0.723043164008348,-0.3815520621918277,0.37645638154468325
s06e09b,6,Logic,0.4442784943886353,0.6721962317245661,-0.46791542503746614,0.34482349309288746
s06e09b,6,Identity,-0.34239130470161766,-0.1368738814825639,-0.5524986922572603,-0.6439607831083214
s06e10a,6,Language,0.40475248883360626,0.30466204454829565,-0.9378317230170222,-0.09103225014401105
s06e10a,6,Logic,0.504714925087895,0.7651686571292727,-0.5027405083052822,0.2801325260549853
s06e10a,6,Identity,0.9009357731085419,0.08367490535608207,-1.4616398283485956,-0.22644332668219308
s06e10b,6,Language,0.3206439317193341,1.1703592134534333,0.09589529743030006,0.3500938380055572
s06e10b,6,Logic,0.15044180133569435,0.713192140979947,-0.8471329561389851,0.14024469617088092
s06e10b,6,Identity,0.1100223274165789,0.13051108079841728,-0.9932906446808576,-0.08438173052931491
s06e11a,6,Language,0.31517212371885395,0.10991796217120724,-0.3368471715824008,0.07646994037286806
s06e11a,6,Logic,0.25155016959030285,0.3195588373892209,-0.6196770447273579,0.2826516730743824
s06e11a,6,Identity,-0.8203686399057003,-0.15910949981456057,-0.49561856546780514,0.27293843742820534
s06e11b,6,Language,0.922792581820062,0.2092740626147232,-0.6980766809634785,0.13820569183076725
s06e11b,6,Logic,0.07379659064153596,0.3595660835705534,-0.469392989302544,-0.114191309870232
s06e11b,6,Identity,0.5006982393107147,-0.023652461706225886,-0.5495759282604954,0.42486771173258153
s06e12a,6,Language,0.6913424732510974,1.8094046211103674,-0.7698440042676588,0.12000474338171199
s06e12a,6,Logic,0.674295519114014,0.602497872397814,-0.8307205077854347,0.06874329977108196
s06e12a,6,Identity,0.7579845952019539,1.0982784338602698,-0.2604556998449391,1.159479625846625
s06e12b,6,Language,0.530803682597957,0.4367478565874549,-0.7372583282866549,-0.01571556888374251
s06e12b,6,Logic,0.7033267499393557,0.6241834712540933,-0.6268370560061158,0.31573207014467247
s06e12b,6,Identity,0.2528300422345507,0.45061852973185673,-0.0524308631793299,0.485113575933211
s06e13a,6,Language,0.5480887061931866,0.6215619177644662,-0.7441087841649249,0.37822167801983814
s06e13a,6,Logic,0.07573304681654086,0.49972687751992234,-0.7709162312585499,-0.012052748112088275
s06e13a,6,Identity,0.25260281658714506,0.6210006488965767,-0.5625865468687042,0.006930745892100548
s06e13b,6,Language,-0.5050677405775518,0.10541462764142943,-0.4618022784317517,0.1754376455569745
s06e13b,6,Logic,0.40100750682528474,0.9540258680633469,-0.4090500840340702,0.2814133125666841
s06e13b,6,Identity,-0.11306744651177118,-0.012183058957581538,0.25166781522072634,0.2895684183336618
s06e14a,6,Language,0.4814545466234838,1.0930573620507182,-0.1219112635419071,0.8154703626360273
s06e14a,6,Logic,0.433347627969471,0.6905486455168797,-0.5328909208629048,0.12695526069356688
s06e14a,6,Identity,-0.00024928101407315113,1.2084196354814374,-0.44779401842852246,0.11964449245756183
s06e14b,6,Language,0.6226895324073934,1.3221288153989974,-0.427167964805836,0.05817027190120875
s06e14b,6,Logic,0.33923096254028623,0.09489784477094036,0.017708542332703175,0.2621835674612864
s06e14b,6,Identity,0.5341370758185792,0.4562853663934871,-0.2364220584472214,0.05177998166891751
s06e15a,6,Language,-0.4240993693456943,0.1807324339005151,-0.8472156122629069,-0.3343749682668064
s06e15a,6,Logic,-0.03611993664435009,0.8213874345853174,-0.49033842537312444,0.2653773489485935
s06e15b,6,Language,1.1279534545117063,0.9096507973130094,-0.5087870212383854,0.6731872137041002
s06e15b,6,Logic,0.7377672928166651,1.319915639405702,-0.7693661475939191,0.31322848971110906
s06e15b,6,Identity,0.04563755855721466,0.2993623536591895,-0.46588513210181376,0.570770594628873
s06e15c,6,Language,0.09874788826894854,1.2313958531642246,-0.6873763377555873,-0.07641313354804927
s06e15c,6,Logic,0.5647814375769554,0.8865035397414558,-0.45397978741141365,0.5812369027285855
s06e15c,6,Identity,0.9328631350371605,0.4085667720650385,-0.08516518266972418,0.3920799623210981
s06e15d,6,Language,0.07341419817435904,0.8539494287313049,-0.6455592371179282,0.013643334286908282
s06e15d,6,Logic,-0.0054096627934256195,0.839483865249338,-0.6270468056637505,0.15905984191031583
s06e15d,6,Identity,0.8352746060152649,0.040400621678453985,-1.1460529882082584,-0.124729245689541
s06e17a,6,Language,0.6300074196875481,0.626686007921758,-0.07500279665004955,0.4426702560255239
s06e17a,6,Logic,0.7075350206356167,0.921259131813007,-0.5236923825597546,0.34480167856890115
s06e17a,6,Identity,1.371387075989349,0.9845870842356076,-0.6247275740637539,-0.4954742150312145
s06e17b,6,Language,0.36723085455487037,0.11124696633765414,-0.5947262492252795,0.321747810684142
s06e17b,6,Logic,0.7454788882216794,0.12549233190599623,-0.5426464697736366,0.516162405140699
s06e18a,6,Language,0.13208567457469772,0.4019909300047795,-1.5442986908106655,-0.5221247419402928
s06e18a,6,Logic,0.5132981279680542,0.4473351462439277,-0.6418873753695793,0.5240953384693867
s06e18b,6,Language,-0.2986446788662445,0.6564228901973032,-0.29078084314197705,-0.21679493758945956
s06e18b,6,Logic,0.8028724472491219,0.727529505561782,0.3330722611896115,0.35491429299842325
s06e19a,6,Language,0.27915547370719956,0.9327029258101344,-0.01853204806022861,0.18658261670436396
s06e19a,6,Logic,-0.28584580647570246,0.17869557196632396,-0.4390193092227922,0.052940313458840364
s06e19b,6,Language,0.3500351469400283,0.3948480881667067,-0.9700600278895195,0.1601358812932757
s06e19b,6,Logic,0.6952933931416653,0.8281184654678395,-0.4458759908095968,0.24466452297592434
s06e19b,6,Identity,0.5719555624459934,0.9303130634730088,-0.7183059603428733,0.21684149624500942
s06e20a,6,Language,0.1792723689014927,0.18120427413673443,-0.7983456455867479,0.2591054481590006
s06e20a,6,Logic,0.49568554445843005,0.12900060117199397,-0.5381341773181177,0.36429105377561444
s06e20b,6,Language,0.6726652854292103,0.7738967606395661,-0.24685893901118802,0.32788197396653895
s06e20b,6,Logic,0.17235014848305746,0.407181720410996,-0.294077255666391,0.27296921785162875
s06e20b,6,Identity,0.6005396028862345,1.83167616741629,0.3852936634216874,0.27279296471309517
s06e21a,6,Language,-0.053873412165867884,0.07915957720647847,-0.3138158360884864,0.0043103880160049735
s06e21a,6,Logic,0.6501080936268279,0.3236226521982425,-0.6201822038221461,0.009752832786509055
s06e21a,6,Identity,-1.1186815285203702,-0.6485809915826753,-0.2339453566856621,-0.5521196604002714
s06e21b,6,Language,0.1815840744459829,0.12159386054764552,-0.702022229559129,0.05466765234003315
s06e21b,6,Logic,0.267068445348551,0.9936930984353272,-0.8745100027706737,0.15515944497990225
s06e21b,6,Identity,1.2077680349713302,1.4213905229859596,0.1626557452238388,0.3056177940181333
s06e22a,6,Language,0.909134870223903,1.2533617688339502,-0.15639583364553383,0.5267813915112012
s06e22a,6,Logic,0.45440227276625056,0.4950553552803588,-0.7898022148781801,-0.0034025497272282927
s06e22a,6,Identity,0.9794976910538056,-0.30996315052691537,1.517647358885267,1.413219382244016
s06e22b,6,Language,0.6946997913338889,0.4509855107302254,-0.19870345582129353,0.2118125923928172
s06e22b,6,Logic,0.33750265367693133,0.5476320084599985,-0.5044625658092833,0.1855437770147827
s06e22b,6,Identity,-0.09395102580835807,0.4466483059930344,-0.5480276610121316,-0.22486456883350214
s06e23a,6,Language,-0.21451698194064173,-0.23496151588217945,-0.6498680523918807,-0.15873336220787065
s06e23a,6,Logic,0.18004001116532536,0.6274190714372816,-0.5167530014487881,0.40793877390799027
s06e23a,6,Identity,0.752029511295962,-0.9540733740489801,-0.6131939859377896,0.7239409661080893
s06e23b,6,Language,0.30612459200175246,0.4138849786395261,-0.7783022300375513,0.06864992972602574
s06e23b,6,Logic,0.0866858454093061,0.193381011697484,-0.451286757870755,0.16184084873099971
s06e23b,6,Identity,-0.633908022552479,0.6408428351598677,0.1546825437956607,-0.16677126875997744
