episode,season
s01e02a,1
s01e02b,1
s01e03a,1
s01e03b,1
s01e04a,1
s01e04b,1
s01e05a,1
s01e05b,1
s01e06a,1
s01e06b,1
s01e07a,1
s01e07b,1
s01e08a,1
s01e08b,1
s01e09a,1
s01e09b,1
s01e10a,1
s01e10b,1
s01e11a,1
s01e11b,1
s01e12a,1
s01e12b,1
s01e13a,1
s01e13b,1
s01e14a,1
s01e14b,1
s01e15a,1
s01e15b,1
s01e16a,1
s01e16b,1
s01e17a,1
s01e17b,1
s01e18a,1
s01e18b,1
s01e19a,1
s01e19b,1
s01e20a,1
s01e20b,1
s01e21a,1
s01e21b,1
s01e22a,1
s01e22b,1
s01e23a,1
s01e23b,1
s01e24a,1
s01e24b,1
s02e01a,2
s02e01b,2
s02e02a,2
s02e02b,2
s02e03a,2
s02e03b,2
s02e04a,2
s02e04b,2
s02e05a,2
s02e05b,2
s02e06a,2
s02e06b,2
s02e07a,2
s02e07b,2
s02e08a,2
s02e08b,2
s02e09a,2
s02e09b,2
s02e10a,2
s02e10b,2
s02e11a,2
s02e11b,2
s02e12a,2
s02e12b,2
s02e13a,2
s02e13b,2
s02e14a,2
s02e14b,2
s02e15a,2
s02e15b,2
s02e16a,2
s02e16b,2
s02e17a,2
s02e17b,2
s02e18a,2
s02e18b,2
s02e19a,2
s02e19b,2
s02e20a,2
s02e20b,2
s02e21a,2
s02e21b,2
s02e22a,2
s02e22b,2
s02e23a,2
s02e23b,2
s02e24a,2
s02e24b,2
s03e01a,3
s03e01b,3
s03e02a,3
s03e02b,3
s03e03a,3
s03e03b,3
s03e04a,3
s03e04b,3
s03e05a,3
s03e05b,3
s03e06a,3
s03e06b,3
s03e07a,3
s03e07b,3
s03e08a,3
s03e08b,3
s03e09a,3
s03e09b,3
s03e10a,3
s03e10b,3
s03e11a,3
s03e11b,3
s03e12a,3
s03e12b,3
s03e13a,3
s03e13b,3
s03e14a,3
s03e14b,3
s03e15a,3
s03e15b,3
s03e16a,3
s03e16b,3
s03e17a,3
s03e17b,3
s03e18a,3
s03e18b,3
s03e19a,3
s03e19b,3
s03e20a,3
s03e20b,3
s03e21a,3
s03e21b,3
s03e22a,3
s03e22b,3
s03e23a,3
s03e23b,3
s03e24a,3
s03e24b,3
s03e25a,3
s03e25b,3
s04e02a,4
s04e02b,4
s04e03a,4
s04e03b,4
s04e04a,4
s04e04b,4
s04e05a,4
s04e05b,4
s04e06a,4
s04e06b,4
s04e07a,4
s04e07b,4
s04e08a,4
s04e08b,4
s04e09a,4
s04e09b,4
s04e10a,4
s04e10b,4
s04e11a,4
s04e11b,4
s04e12a,4
s04e12b,4
s04e14a,4
s04e14b,4
s04e15a,4
s04e15b,4
s04e16a,4
s04e16b,4
s04e17a,4
s04e17b,4
s04e18a,4
s04e18b,4
s04e19a,4
s04e19b,4
s04e20a,4
s04e20b,4
s04e21a,4
s04e21b,4
s04e22a,4
s04e22b,4
s04e23a,4
s04e23b,4
s04e23c,4
s04e23d,4
s05e01a,5
s05e01b,5
s05e02a,5
s05e02b,5
s05e03a,5
s05e03b,5
s05e04a,5
s05e04b,5
s05e05a,5
s05e05b,5
s05e06a,5
s05e06b,5
s05e07a,5
s05e07b,5
s05e08a,5
s05e08b,5
s05e09a,5
s05e09b,5
s05e10a,5
s05e10b,5
s05e11a,5
s05e11b,5
s05e12a,5
s05e12b,5
s05e13a,5
s05e13b,5
s05e14a,5
s05e14b,5
s05e15a,5
s05e15b,5
s05e16a,5
s05e16b,5
s05e17a,5
s05e17b,5
s05e18a,5
s05e18b,5
s05e19a,5
s05e19b,5
s05e21a,5
s05e21b,5
s05e22a,5
s05e22b,5
s05e23a,5
s05e23b,5
s05e23c,5
s05e23d,5
s06e01a,6
s06e01b,6
s06e02a,6
s06e02b,6
s06e04a,6
s06e04b,6
s06e05a,6
s06e05b,6
s06e06a,6
s06e06b,6
s06e07a,6
s06e07b,6
s06e08a,6
s06e08b,6
s06e09a,6
s06e09b,6
s06e10a,6
s06e10b,6
s06e11a,6
s06e11b,6
s06e12a,6
s06e12b,6
s06e13a,6
s06e13b,6
s06e14a,6
s06e14b,6
s06e15a,6
s06e15b,6
s06e15c,6
s06e15d,6
s06e17a,6
s06e17b,6
s06e18a,6
s06e18b,6
s06e19a,6
s06e19b,6
s06e20a,6
s06e20b,6
s06e21a,6
s06e21b,6
s06e22a,6
s06e22b,6
s06e23a,6
s06e23b,6
