episode,n_matched,energy_laugh,energy_nolaugh,base_laugh_rTPJ,base_nolaugh_rTPJ,match_laugh_rTPJ,match_nolaugh_rTPJ,base_laugh_visual_cortex,base_nolaugh_visual_cortex,match_laugh_visual_cortex,match_nolaugh_visual_cortex,base_laugh_auditory_cortex,base_nolaugh_auditory_cortex,match_laugh_auditory_cortex,match_nolaugh_auditory_cortex
s01e02a,194,-24.128651669624073,-24.890449212053994,0.15715056048032655,0.10435835162699174,0.1691818310332948,0.1109039346085191,0.36884174729685687,0.48210338535022806,0.3488629242781714,0.48110828130453775,0.15393062890999498,0.20512854874477945,0.14534850277368436,0.18159163584942442
s01e02b,190,-25.892763778704527,-27.903310135442396,0.09255424830436175,0.10657788503440878,0.09781521088785872,0.13627106197522293,0.3621899318768016,0.4250893081420166,0.3881717966613813,0.3526875053851472,0.22773085017420533,0.181133802592598,0.22236585504198092,0.1403631016889483
s01e03a,181,-26.078426195694146,-30.487854725195767,0.09224646762718153,0.09474575122042268,0.0804565265506658,0.10329254104731717,0.48115880200547084,0.39109333676908026,0.5028638672635448,0.39798218056945833,0.18412569213310956,0.2119493325288431,0.17468044676404992,0.2170390538630568
s01e03b,179,-26.105260981786614,-26.99879989775003,0.09253018725417894,0.13308045686159073,0.10420449683499282,0.1374175915073208,0.3659702500750404,0.4670525705614385,0.37940462709993267,0.47061660447411313,0.25363033704078247,0.13167523629021377,0.295994383176086,0.11982075813933617
s01e04a,228,-24.854200648199683,-24.796188679788376,0.2092539524113153,0.07269635536337553,0.21414469341729972,0.07164591060649725,0.5316156727594344,0.4334625296550245,0.47859488095513614,0.4225770843274888,0.221881605603906,0.22029481008813542,0.2088785056022986,0.22597579099233067
s01e04b,217,-23.634589209788356,-24.774694658153795,0.1381083110426707,0.17160624286094175,0.12285192308488564,0.18749782547460045,0.4540944242880669,0.36980430782748314,0.4768543506469474,0.34569737679567725,0.28314606159564026,0.30626487527266105,0.3054192351607888,0.3061322611584083
s01e05a,237,-26.081454158058545,-27.610489153257348,0.14802215621587986,0.16686690027325135,0.15704038848597432,0.18046926727308812,0.37411826825363814,0.30927916476407347,0.3721003944360688,0.2856027402471885,0.10216810660418778,0.12354675332978192,0.10785264783130899,0.10652548647582744
s01e05b,238,-25.225985234055113,-26.924570905714276,0.11397961954673282,0.17505462650100304,0.11965924620599122,0.1633443154203322,0.37619331634955594,0.37246702516478697,0.3782446383077443,0.3618750958122141,0.18658383351651334,0.18389401140620945,0.193632673878153,0.18633996736261185
s01e06a,199,-25.604233582548773,-28.872892887334586,0.2264478670497362,0.09711745306586596,0.24673231559445383,0.07097491103106975,0.5729910005304173,0.42662417725546725,0.577039684421866,0.41846427530143543,0.3963593970685811,0.2979295258407881,0.41261350407479086,0.29720486796147605
s01e06b,201,-25.8086516052364,-27.991112607029134,0.09878819918640358,0.14787831345767213,0.046049531282852794,0.1760605178929473,0.46569100783018325,0.4815762773855632,0.4434846100527225,0.4452208384394123,0.28525944734585973,0.27154667726714043,0.2741878973653156,0.2775202475701606
s01e07a,218,-24.33110427931454,-24.63457547973664,0.1809511191342442,0.2512566430727445,0.15948122771383658,0.2239101570791094,0.4474242073075205,0.48520706511144734,0.43751628831487627,0.4821757646531817,0.14891518008062332,0.13516989967911286,0.15231818433493818,0.14579223004773165
s01e07b,189,-23.320802594354586,-24.847088721355924,0.19595328878602455,0.10446217446490802,0.21428472679382604,0.10606529653979542,0.3429883033408317,0.4626952106485982,0.3337594972777366,0.44916391036362474,0.23501803886331465,0.22122144388883,0.18955029295307746,0.20970718863951165
s01e08a,219,-27.212731201428316,-27.512340321679687,0.17222743873850357,0.20805862207651996,0.17037025419786356,0.159268729131163,0.48761727855568743,0.48941936807986,0.43890901425436435,0.494694271240493,0.2142248958414331,0.09276786177866614,0.20347376654941898,0.08054195259757689
s01e08b,217,-25.840124310013227,-26.3446505424505,0.18157161658710586,0.15487949044884042,0.17142266677346532,0.1597824086640732,0.40798208309150436,0.421932432786359,0.3918148126969743,0.4346601948515221,0.1428424111778986,0.15045396582828038,0.14696735672241532,0.11922871732287416
s01e09a,237,-23.30060047769018,-26.01319184915544,-0.009622384487062555,0.10692928119827495,-0.00267735152676248,0.10548247689557633,0.2178207060277181,0.19098674609437613,0.18741993089132747,0.17785759238253007,0.17066027448267962,0.14862121836612427,0.14529865146143714,0.12000633134091006
s01e09b,157,-24.13480301770879,-24.41096432520833,0.18457552373590658,0.13036717888915791,0.17362037758283408,0.13309749598845022,0.4355236681255458,0.5275442778066264,0.42554952998987017,0.5056487783368454,0.21055754114861958,0.28599880804479094,0.20749938076557925,0.2365492145739102
s01e10a,252,-25.06537883534395,-24.25059267027434,0.13019493113103534,0.13745999585574883,0.13162816778412376,0.12590008550014561,0.37732231818782275,0.3663418305671931,0.31140423662462857,0.36209953254205535,0.20237798571029839,0.1479029403467236,0.2053401959814867,0.15638003531475492
s01e10b,220,-23.309576976051478,-24.79792098210831,0.17195968832653533,0.2283628009431851,0.17016205092520176,0.1740309541719748,0.349364648324312,0.3320132280552716,0.35328601580114866,0.32461720646964326,0.18544415074251533,0.18097853625801666,0.13934934554144196,0.13242791478690336
s01e11a,196,-26.437780880306267,-26.740076305407932,0.24827636292413957,0.2603213436790192,0.259253616829276,0.2784836552848189,0.3376304400673589,0.3965922653998946,0.37442886715114665,0.37868522016501655,0.11474196894079387,0.17401964929858127,0.09951056412519636,0.15405472714879018
s01e11b,206,-26.302159418323996,-27.23276169746739,0.16995520237641512,0.1694825546688136,0.11512202929446103,0.1704339330866821,0.2736288863100853,0.3271811428133034,0.21270268735774325,0.27358406025897103,0.17642463283824994,0.17555384596540394,0.1825409991841309,0.16467216913914284
s01e12a,192,-24.274641926607895,-24.609745676186083,0.10633825680903253,0.1700427206617355,0.12276562758230565,0.17385021948408863,0.4732423455237628,0.5111919309061365,0.37924856173806526,0.5210618140699317,0.1875430219581086,0.1377734168939561,0.19819711696779127,0.1363486498243675
s01e12b,205,-27.3825434521502,-28.089092059609474,0.09117011934299372,0.14459831566509584,0.08323402868268613,0.1791751135037719,0.3988018273918262,0.43761429244336486,0.38657243960645205,0.46056236857553695,0.23387206074770742,0.3403656520429738,0.25412473951039927,0.35187893170315937
s01e13a,225,-24.53369982674517,-25.888969903086412,0.15623828470629178,0.22573547779418116,0.14520225949719578,0.21431664798487024,0.4522684281100395,0.46168694965349366,0.43239969336588174,0.4580128376495954,0.07770909747567542,0.1428584892620234,0.07205047038975837,0.13904291303104974
s01e13b,158,-23.77423301414384,-24.328651798372235,0.27516907433447524,0.15734504048747797,0.26958108302782696,0.1500099635980314,0.3335340165458116,0.36929181794993227,0.3364250281311705,0.37804259959452885,0.25285088942037787,0.136945561996307,0.21042401170571026,0.14623597018304982
s01e14a,154,-24.453898877205603,-25.364830213000257,0.24238188126082483,0.20941215446022673,0.21691386611150568,0.20180361119152843,0.44685214266810563,0.4179086716182013,0.43567108090730366,0.4258281509021868,0.12681647818994266,0.2939199747515543,0.21448702602382172,0.2529008925546504
s01e14b,193,-23.69658859142574,-27.00785894560012,0.05191408803398667,0.1572434114922097,0.06227342449805764,0.1403805415749874,0.33955106515581646,0.35983531579144307,0.3424742696435217,0.29250443844403895,0.09861621970584683,0.22123334102300937,0.08329526346597026,0.18486107327961196
s01e15a,219,-23.98810171325524,-24.55397529320452,0.13103194797487727,0.06510139083539315,0.1220730066455998,0.05181822572556343,0.5218170987425941,0.4442516408016835,0.4851140360964615,0.4401421465237156,0.1402320715199974,0.19635435092221262,0.12301157897354091,0.14374647848007172
s01e15b,213,-22.266165140397394,-24.03440698285212,0.2023521581034584,0.20020025916972028,0.2133961266870034,0.1817175375134247,0.3188282757831346,0.3347362598812163,0.3281273721884545,0.3489998741672637,0.2034974134797286,0.27778078162611214,0.18842706171800705,0.25464329811497727
s01e16a,247,-23.755123865879142,-26.93635457427347,0.09663922424991178,0.121261578281457,0.08821635555421133,0.1155206206878054,0.35799932701672504,0.47790403982771484,0.36509784747379753,0.4429687823743864,0.03545313311266759,0.16672629348322646,0.02604005685644881,0.1325698397614439
s01e16b,183,-24.992602717364473,-25.68431360597112,0.11308131190969128,0.06069704900607181,0.10574455344927954,0.06815961146506679,0.3599802828868766,0.3892376375524393,0.3483607082533644,0.41850267010689496,0.13014779902871257,0.20474689009343683,0.13333449722017418,0.20059109193265634
s01e17a,206,-24.82756094060099,-25.87088497646109,0.09292659863519015,0.13985080243812967,0.10236453702782301,0.14898762675086494,0.445337427032356,0.47919139517323206,0.4711512850455853,0.47715805985473025,0.2138725536633337,0.13465926199407816,0.18253064840040845,0.13143815153742516
s01e17b,207,-25.449450759690198,-27.620942767981152,0.2191304631760624,0.13729813659034293,0.2178063766501361,0.14758221264713575,0.5228497048714059,0.5841471949465297,0.5135749877626,0.5374419862896244,0.20537832900692354,0.24991790759929997,0.20589160039009072,0.1612676983843966
s01e18a,203,-23.954939719874723,-26.08330067081313,0.12584939092926042,0.1412912667036335,0.13977835289213889,0.10921143583566646,0.3411517868369518,0.4322218886391312,0.29598829781911046,0.3567594593407109,0.08699171904319358,0.21521161609154385,0.1288124557386258,0.17270557382878135
s01e18b,198,-25.59496050960955,-28.854322544605534,0.09051991177807746,0.16351414573387565,0.06802531684178482,0.18897866809970443,0.44650902617042093,0.4946032105161154,0.4363388551114557,0.5458177807644555,0.24588631238274616,0.2710619166230523,0.26559541619047805,0.22110109626610294
s01e19a,203,-24.748837466046062,-24.492684205258634,0.11702867224822212,0.15386171014562186,0.10260189349909327,0.10655326781811388,0.3470094382935083,0.42928400698480357,0.34097185806845937,0.4289474108384041,0.2711820778195177,0.19780429598836288,0.29351166720067196,0.16506670139906274
s01e19b,207,-24.10689545743577,-24.820789361886767,0.04420799509027393,0.11720156584479159,0.025202895479629884,0.10572139342560183,0.4041587631512247,0.45785722647049104,0.39885989739964284,0.44530932873441625,0.3075125588326855,0.26797494360831103,0.2804661767875062,0.24255983272300216
s01e20a,218,-23.564665709484338,-23.019076884957883,0.17020285415677727,0.1459369549277249,0.16678306952789237,0.14934571636641383,0.35875629751530663,0.37045523140571096,0.34005446559374025,0.3759794428510989,0.18688158734978869,0.14164640520834368,0.15266062857538093,0.14782875013505256
s01e20b,201,-23.177158058272262,-22.596871768722536,0.18564814354196843,0.18492877115333903,0.17858683520974813,0.1715779029849418,0.47721806912994186,0.49455719045294083,0.4311619304187683,0.4568230759768732,0.2750160756690778,0.18696253181068526,0.28434437562461284,0.1763554081964865
s01e21a,243,-22.27519632794386,-22.384875192778388,-0.02416744909023606,0.011699804675910204,-0.027617070410370564,0.0024336952605935416,0.5247896154877022,0.5013402365232636,0.5189374968189454,0.48152303969467747,0.16105859557383395,0.22270077095418803,0.1660459034844339,0.21347654107592764
s01e21b,191,-22.20505756798132,-24.05802730311043,0.04349165944925939,0.13390241444447126,0.024189726231329967,0.12365635572671996,0.4900729593912443,0.5399769458274739,0.48368427131999053,0.5750079542138408,0.21073825543676805,0.23243291643614103,0.18184573163229723,0.23765694440493215
s01e22a,215,-22.191197962246093,-25.38551887364912,0.06610656825303193,0.15012435686601153,0.05487065189280844,0.09268869066518994,0.418890977267878,0.4826131970350504,0.4393547255493677,0.4252980196496651,0.25048654105173584,0.2285130883462575,0.24374713157560504,0.19786513324237642
s01e22b,201,-22.399273444339645,-24.31474259037003,0.20490070434683336,0.2156892596551292,0.19670727503130536,0.22349824287246745,0.5149014037022516,0.4025377638524528,0.46024672460487165,0.4074653802712771,0.26364078802097174,0.3230110261382359,0.25870357515436776,0.2874617100822839
s01e23a,217,-23.307109122052758,-24.317580338657116,0.21659941819997375,0.3244364719941717,0.23826045500988227,0.31527143720602135,0.41922731416248804,0.5251844537448845,0.46037866676360695,0.5266258463445398,0.21630182346295398,0.20727703019497123,0.23175537245735903,0.21465834288527408
s01e23b,213,-25.660089043689315,-27.275609269101352,0.16313519078156144,0.14024643164562692,0.15081387737792332,0.1277411228315998,0.47020413045335935,0.3400971889532584,0.4489185759414582,0.3368126840962821,0.2010845468682212,0.2476933642846388,0.22586378521591088,0.23204450840615062
s01e24a,235,-24.491050351309223,-26.45121440471438,0.16143445081701072,0.13442631333284374,0.15051697060160982,0.13881170737330586,0.30975298842709703,0.4314447197609724,0.3114572010098117,0.435153210516588,0.16453385976072052,0.1707578599047674,0.13898766543466934,0.15501712795318767
s01e24b,231,-23.460910710420826,-25.494776060208974,0.22951757461084052,0.23324355897806157,0.23820404654703112,0.2022931154194247,0.4813651557083806,0.538653334650179,0.4826380965835056,0.46215822324842953,0.22116861106002259,0.21475764239412162,0.1912019488854695,0.16257720204471238
s02e01a,209,-24.484501499956128,-27.557374670311553,0.3861342593903905,0.12031232521652217,0.353575029370301,0.11209208875713787,0.3245853367231759,0.49040698566053376,0.31768790983179124,0.45991930652917096,0.226784189366234,0.23466403180459364,0.22319220754478128,0.22222316774004805
s02e01b,221,-25.279030799313205,-26.54258010461677,0.14060704072965516,0.1948961226596133,0.13617039848878695,0.2121115187599397,0.31869786737532546,0.3336545580083299,0.28872844617673427,0.305903131962018,0.294155430670383,0.32303912660481654,0.25637331373979333,0.3065593610526911
s02e02a,164,-25.341475349462687,-26.34685315641352,0.1492049388769868,0.17565268641989407,0.14434473245907967,0.17590810652160202,0.49394709775771534,0.4640898460563598,0.44962181575561155,0.4632796027167048,0.22210201276389263,0.1279143314678403,0.21221867228404626,0.12631096299435224
s02e02b,181,-24.317599200946905,-27.280707785985086,0.1335461590046301,0.07439106710383202,0.1030076390845876,0.11136664947083981,0.43289339436684443,0.38706626969685026,0.34426014426210677,0.3741963767431777,0.20374644676199838,0.3509288102268798,0.18326657211959627,0.3056620756387661
s02e03a,236,-26.736307637292303,-25.50071274763993,0.1462910965100517,0.21284778908003155,0.15161502347088163,0.20206662942892498,0.3993615989048925,0.42700775647383904,0.37198515618417893,0.43014488392285855,0.21954726489276064,0.1588180028045503,0.20387020433523848,0.14529098278816524
s02e03b,218,-25.018110120359786,-25.699718507765112,0.15644194513096404,0.09346958851331288,0.15499224022415967,0.08997039916454784,0.3519014183899138,0.45183245863129545,0.33361470933932275,0.4453368075776479,0.25991792746342984,0.21828036367753426,0.26881218589488043,0.20186029920754467
s02e04a,230,-26.87482692202805,-26.702660750528487,0.1951966564568541,0.20307086135539912,0.18466918041976463,0.2032030878907488,0.37544479269172076,0.4005043597697892,0.3475890804847798,0.4013504083145906,0.28915218866514175,0.23134467995494357,0.2385510144622611,0.23206533105267638
s02e04b,167,-25.13384456493082,-28.81543527491462,0.0710892943266659,0.11865464043473818,0.1416466697664069,0.11396555375774392,0.47920850102378504,0.3891171525489596,0.4695540194496341,0.3739456814437599,0.22929472324469713,0.25294344136155483,0.24058411087337483,0.20205566971251576
s02e05a,236,-26.264646257743777,-26.84206463939641,0.18885624026528527,0.17812863071934207,0.18697321756704244,0.1600817868093094,0.36800608979035815,0.3635391881014392,0.3664741109179029,0.3658608098021558,0.286423376090465,0.2426288779347736,0.27367373398630557,0.23929695109667182
s02e05b,192,-24.92726450301025,-27.222373121546337,0.12947884183292743,0.17945740463690826,0.1362384296577895,0.16165744805643437,0.4215171987238792,0.4944305376153694,0.4483138054553429,0.4624228934959433,0.1885580053460707,0.306837430816099,0.22587890831333182,0.21889782036610128
s02e06a,203,-23.579218588957712,-24.998909576922223,0.31171344460703737,0.25343327826857004,0.29026941149940416,0.22819832433528117,0.4795546739500909,0.41877940332131347,0.45584545252589864,0.3853345873665383,0.19157551777449214,0.14809832742941018,0.1857816095704806,0.13704779922174012
s02e06b,246,-23.290265785232275,-22.35958361022366,0.17894899755187502,0.11435557132113806,0.17960789425356385,0.1208295973372423,0.3425822918318149,0.3004345249359777,0.3432391761399452,0.3182535426630581,0.16353323258969504,0.24283653523136042,0.1676330256029462,0.24507372735015834
s02e07a,249,-25.772820062085486,-26.65863302256366,0.3142625749517736,0.2722181422866176,0.2985729727405209,0.2729450342785691,0.346618880430545,0.4386450998205596,0.3428342095007504,0.4358691687175183,0.33197337756770445,0.26380969369615603,0.3128471176330705,0.25485222835383214
s02e07b,184,-25.511319773949243,-27.909348765787783,0.20465445242540392,0.23517436407452622,0.2078287287523762,0.25106811872914475,0.5200487711134025,0.4689674091600036,0.5206587021627327,0.4355427433567131,0.23565177166961615,0.3050033794877392,0.23753434896165915,0.1909716971062575
s02e08a,207,-25.809277238915573,-25.236230328012606,0.12048227111576103,0.1894877694471755,0.12168661996351715,0.18882121395357568,0.44421253660577964,0.4488401848313912,0.393214916199492,0.4568951901753843,0.2293930769221313,0.1989476952786419,0.21246696625439712,0.19913408591992657
s02e08b,206,-24.929368233038755,-24.99992404549318,0.29113916104968474,0.2710229388391013,0.2794575952011896,0.31743339969814277,0.36094613821708416,0.4327944686100585,0.3451305634187418,0.4309239071733197,0.3094499808096207,0.33060536270207236,0.2856773934023858,0.27589728011504094
s02e09a,216,-25.963385889397138,-25.686346404881444,0.012474389419331246,0.08838187990320341,0.025710633823619017,0.09249439658166299,0.4998384493066659,0.5084473037971844,0.43489014100936324,0.5084138785583707,0.28273315080192835,0.19441743213141782,0.2812270465624905,0.17920304298209025
s02e09b,226,-24.007159403802298,-24.150743017596984,0.25025630790191045,0.1678427417161745,0.2308068751297153,0.17492339512695057,0.29555312953803764,0.4434496281831449,0.2515661034525883,0.4293661828126742,0.14649535258526442,0.25407707107517047,0.1625483103150607,0.24638508129270972
s02e10a,240,-25.274280295689373,-23.554039286262594,0.142821181925019,0.11409175070505113,0.12960768441587595,0.1390345281755939,0.39837516177991406,0.46189309883510843,0.323852638141283,0.4421496005658365,0.27651152993148803,0.24377325741975275,0.2546499565181624,0.24055090048919517
s02e10b,221,-23.673398258692377,-23.977940468364473,0.13026741180979218,0.07509594637839671,0.0922260703451692,0.03314493911285415,0.3797981438144036,0.5473143512845949,0.3170494099495111,0.5014459615594439,0.15123179263197117,0.14208614030142191,0.1304546806459805,0.09544755478200755
s02e11a,245,-22.771899361975724,-23.301270847293633,0.1587664086277414,0.06787558067203298,0.1608090957836909,0.08487220947238826,0.4266014536732842,0.40446055905912964,0.388764738294843,0.39897241807652595,0.26011592345836765,0.2569584406578543,0.2518750699333083,0.24246794753243536
s02e11b,185,-21.266767048319593,-23.81783247311065,0.1897329468674617,0.14322060754287333,0.21124277290239546,0.15705193322352046,0.4213902436311809,0.2988533202263669,0.42635949306715,0.3177108924648985,0.2812315805362578,0.2410934514941541,0.23263925899474772,0.21304031302275095
s02e12a,244,-23.413119470161394,-26.026689384170297,0.20491231838458912,0.13905318917757092,0.20470290125009497,0.12050320395886778,0.4882344902517806,0.5012205735974206,0.48088487149954107,0.502583440525996,0.3682052042275327,0.3437682144176269,0.350340866548062,0.3386757057317194
s02e12b,235,-21.73595420987997,-23.54187281126162,0.11768035393838418,0.20314116706177035,0.14125127705204854,0.1953296119317772,0.3453553002955598,0.505689564585358,0.3652004426365134,0.4972432615855313,0.3571980470668859,0.39297797743886204,0.3529772495250221,0.38920668412803233
s02e13a,253,-23.180866238222748,-24.23338136865449,0.15192740419355566,0.1475069465252754,0.15920760945139636,0.16558169977967596,0.49068279856464,0.38871389881973845,0.4894767473820161,0.4055434176523463,0.3761260243112277,0.3534024945862125,0.3941894923290911,0.3229304775521153
s02e13b,177,-23.470223475923405,-24.737976103313226,0.19598894740115727,0.3133116100190143,0.1891055762418019,0.3141799380171628,0.4560536020381744,0.4705625004578551,0.5295661561653032,0.4806256655968066,0.3834429862247695,0.3119249045253191,0.3871199668552647,0.2892698628693386
s02e14a,198,-26.965035883888856,-25.90447932139769,0.20503630410266294,0.2556462387133152,0.20616842968010662,0.25991175691172996,0.5646196539301531,0.47366614295696,0.5363294553471144,0.4803091004808752,0.4054287483288255,0.282280606097891,0.3947558426438646,0.28862050489277646
s02e14b,176,-24.091424565720786,-28.64042035799091,0.3619968258724066,0.3140224316188069,0.34103625236549534,0.3275775836914127,0.4240276808641161,0.4871049131668774,0.40612640810739936,0.4136162463072519,0.3635700973584158,0.40812135737180405,0.3677484962693089,0.3494650978215554
s02e15a,195,-25.53776305927129,-30.231098321763604,0.19598254090578762,0.1700447272785867,0.226964902891131,0.2157970702483661,0.5290597947387273,0.45695071957436895,0.48884393372788204,0.47302877343148403,0.2552332857031541,0.3165207353529869,0.2635080997015489,0.29163900707338325
s02e15b,139,-25.869608231676295,-29.26770580629754,0.2670801430337295,0.20524858678668145,0.22568188951093573,0.1569732140049672,0.4313308930964559,0.44381536831906754,0.4559846666423111,0.4331218504989541,0.459635896414214,0.4115354546787983,0.4575540166956595,0.35354071218705235
s02e16a,227,-24.981281851365253,-24.348041741667416,0.34087243955632346,0.22364749325943745,0.32071199717373644,0.25483418812068553,0.5487824288733956,0.5706169740388605,0.5449694219096614,0.5812140277400317,0.26252326947465215,0.24607004868715673,0.26119314641690533,0.25783881246986157
s02e16b,200,-23.514965159789533,-25.501068478649668,0.27100617988591463,0.16291034454740852,0.2709568010046398,0.1544919828177496,0.4178791050640127,0.4845746273266011,0.42999395894681003,0.4944477115243788,0.33325457853361956,0.33709095837948233,0.3918052472412385,0.29895980123454574
s02e17a,234,-22.00947434289122,-26.279790155917066,0.28959000258015843,0.21255835809285242,0.2397494453253367,0.2028673172842882,0.4900778950607716,0.47430804777577795,0.49589050102659216,0.41289317403844866,0.3394025748291208,0.22343535246306845,0.36187415114675914,0.23734192840042992
s02e17b,237,-23.19386046935816,-24.944922765513112,0.10861998420269729,0.13510184554751786,0.1335149056465034,0.13038556018597733,0.4110879680814883,0.42111073054290027,0.4218988952704669,0.3706688788753763,0.2767961517627821,0.3216134598436648,0.2827863543136446,0.3081995065139818
s02e18a,216,-23.083972132561,-27.029709514137217,0.12000334216124671,-0.005805451152913088,0.11483264670746836,-0.02679310033114245,0.3939373463329765,0.51391095818973,0.42066375649801585,0.46107598855935866,0.2300579513322147,0.2757470324629709,0.22121608780415225,0.27241710310106254
s02e18b,207,-24.331105746976437,-25.15103574586386,0.25830326306844215,0.12092133747462126,0.2142694974470484,0.11682720026482551,0.41603711157374695,0.49588277479581994,0.3975221570319593,0.4952563199931717,0.22081596861730265,0.3098132117913296,0.2738134170463172,0.3087484857884586
s02e19a,156,-24.706122435046712,-26.3434877801579,0.14567225062277211,0.1491310231080605,0.18999813953124023,0.14584297698463153,0.5161853832582898,0.5105268061813576,0.5147783533846754,0.4934050430769981,0.3137994146587467,0.29819436422922935,0.34918028497626064,0.24899281046287622
s02e19b,183,-24.25401019560475,-24.488118251475345,0.2514793562485144,0.3655843062924417,0.24555266916742582,0.36260766836963204,0.5073103895964824,0.4541683491660608,0.4240145414780829,0.4574147143291971,0.2954089887280206,0.38141148696753757,0.3064466351222998,0.3742634870160418
s02e20a,192,-24.1980290405613,-25.365815669268713,0.16071759045861114,0.25140019246511464,0.19491570316502982,0.24946894650589577,0.47361611891722033,0.5228330501378372,0.5173713068420046,0.5203185811534479,0.1859345020027778,0.22297083786224495,0.1534210481406534,0.20881129092292672
s02e20b,223,-24.053266290426667,-23.92831819313013,0.09715540325160449,0.1872432101363515,0.09881276044592839,0.19308363690973643,0.33473696018738663,0.47152675737285527,0.29626667526976275,0.4860169065985618,0.22091299404332668,0.20861455397059933,0.20124046367059004,0.1857656319046931
s02e21a,229,-24.491675529684258,-25.704875653401075,0.20460085223131008,0.187818146904004,0.20566426452918243,0.17876311771382847,0.5080147460280416,0.5956629557089643,0.49803447333542233,0.5513926518771793,0.2564377053222313,0.20504000086706042,0.2626232703421018,0.19106402647883505
s02e21b,237,-23.61576863448758,-25.566152190670824,0.18354406209920834,-0.006009020116525853,0.18186754196964053,0.0114038690331913,0.4504134534493181,0.45752536121290915,0.44063953614601986,0.45079755527171583,0.2625666154155744,0.31128795249570423,0.26398084264848104,0.3142559096893128
s02e22a,186,-24.006650885312478,-25.742601218049845,0.25739655169285897,0.2920080261542451,0.29486316586195294,0.2932204530551002,0.3838204346283478,0.5111414271680156,0.3968006248752897,0.49958498077927765,0.24161163307629907,0.2911719788696401,0.24381057518748617,0.28916210807858567
s02e22b,192,-22.010003282616907,-23.72189436477379,0.3056356649942655,0.3609887347954451,0.2916108748420107,0.3539777897094521,0.48759047172208025,0.5318654940675124,0.47999215861329386,0.5030836832012987,0.3100933996587613,0.2561947807592792,0.28848766019138283,0.2589560015539521
s02e23a,223,-24.671650441162093,-25.51127558564072,0.2561795239224824,0.24899384351666418,0.23764249462302556,0.19518537726477472,0.595013909160525,0.5637738795452846,0.5784738459947117,0.5579949652086578,0.2798068409006403,0.25471948093610847,0.29106854123897913,0.25512798635234274
s02e23b,197,-23.3556711800623,-26.767144785301507,0.13347720208118988,0.035361093607816044,0.13910134043080094,0.0371686108851482,0.4934564469766696,0.5206751252592992,0.5068429150982784,0.49750794532088377,0.234636124077227,0.21511758505485853,0.2113947003451074,0.18544316201931307
s02e24a,194,-23.42380103928872,-27.64126348103973,0.15769112085127582,0.21921528095160123,0.14290704206520646,0.17653345743789176,0.3439671231342348,0.45973735030713453,0.3337523105513098,0.41923364059681595,0.1421466381329208,0.22956269960467376,0.163882711457519,0.2222056788828702
s02e24b,174,-24.894767632380788,-24.711263027678736,0.06311308615400936,0.16637387811960014,0.05940196512663176,0.10360390979001383,0.44839820502673255,0.408827877889471,0.3928353941304888,0.39607800298767054,0.31571737115133014,0.25044308369544777,0.31287989735404426,0.26144850282782944
s03e01a,202,-25.50017868701102,-28.072961155906988,0.181339996590542,0.16962071254982733,0.19995104714186396,0.18370713638680294,0.4838668596803295,0.5099614138851499,0.4489168135454693,0.4893151161536174,0.2505769079844126,0.43457161473017397,0.28259831478055014,0.4381989063948319
s03e01b,207,-24.644863205068244,-25.798542665612747,0.012836154781727104,0.019599380147730244,0.012083571440331299,0.04608802966389327,0.29077282302555824,0.41306553341537416,0.28270509864797627,0.3805645653094348,0.30944704545225626,0.31554934832573794,0.28453642780339294,0.3307454383586978
s03e02a,225,-24.120693786431953,-28.08278578413061,0.14979560778037213,0.1356422802630389,0.17010921602713683,0.1187633496695309,0.4392370657450626,0.49254526819273226,0.42750312986390626,0.4444557361470944,0.29862431592676436,0.16602745381976589,0.2841272086616154,0.12506608658995352
s03e02b,205,-24.348334011598745,-24.832040343646202,0.09274674744145096,0.20491448885027216,0.10497702911809086,0.17346847449353375,0.3601803472506528,0.3363587456954075,0.2654790722884594,0.2824571749773153,0.2823653173587792,0.22992084367804363,0.3136663832343444,0.23243077047120053
s03e03a,215,-25.727990934087632,-26.853941684850152,0.24373885177597798,0.21737530792407855,0.22009820287381496,0.22473934272899698,0.4619300003206143,0.5521974826859023,0.43231621756531413,0.5471060688282292,0.14911867664858505,0.20420775588493867,0.13717177564001645,0.17515671142325692
s03e03b,212,-26.136483422376,-26.684512668560018,0.2880040302337372,0.28924153872233804,0.2959787756600354,0.33584993466238866,0.349947494339028,0.4168897161099665,0.24886516736536077,0.37169080459384163,0.24352563512258654,0.21541427086019838,0.24803883057885437,0.2051202116267258
s03e04a,223,-25.709428030767672,-28.021015517022995,0.18740214226781926,0.19626775737513844,0.16307156713581641,0.19004363921901024,0.4173330520627622,0.501007585064694,0.4229018165438993,0.48263877899699725,0.3230088466604255,0.22623093960144636,0.2967364641668013,0.2191294047556519
s03e04b,198,-24.198120151309347,-26.409938439786163,0.1471504513896155,0.09264707129312262,0.1164273206067324,0.0926419865652705,0.3646258178516451,0.34198614001990585,0.35463388307548555,0.31923088554814055,0.20381200562526738,0.15956200346396435,0.21520884239667817,0.16592452226667573
s03e05a,165,-22.969090588826173,-28.114324123783067,0.1572271194751598,0.23169961466990308,0.2024631226153221,0.19859414247374707,0.32994699250001547,0.6044577459061852,0.37272207232151827,0.5530556164565104,0.22230784286779062,0.2639972118630493,0.2450774808135118,0.21637157413576816
s03e05b,163,-22.442094869663734,-22.954155956511613,0.03929741433755018,0.13427561793184153,0.05788052547971335,0.13522660879351078,0.3235320037256207,0.47615048199397664,0.3276031790542129,0.4777774321024173,0.31753127677342996,0.24270568501102366,0.2730913508060933,0.2436793170704168
s03e06a,168,-22.410164725154154,-27.731999189721616,0.2946485107028444,0.2690470238443566,0.2538817659113398,0.21381675033064926,0.466353261694554,0.5324213126788714,0.4671722324310859,0.4489540331514965,0.23318688474313345,0.31508308566634363,0.212210129741885,0.2933115226660507
s03e06b,203,-22.728811885128398,-28.38423103171299,0.22548401313476044,0.08876693385852763,0.17711895357870433,0.09034904179009966,0.4815667757543835,0.4603501088392114,0.43670903182501036,0.4024840899525171,0.20314777957829666,0.24222507163927517,0.21214849094724397,0.1478401449809594
s03e07a,226,-24.514287846393376,-27.011452798347552,0.1667181229656566,0.2545235274941903,0.15784034726455706,0.24180887332751924,0.4552583818899348,0.5408143075007993,0.444530817514662,0.5417829833291964,0.29389962468390324,0.17094622691479663,0.26949653304516286,0.15709584023445208
s03e07b,204,-22.684150209410188,-24.141215451145694,0.1901357532661865,0.33596421023194417,0.198256312542348,0.33192542061135916,0.41960505969818734,0.5443239283541583,0.4062329880463012,0.5471812709011675,0.21569183442709083,0.32835118020209814,0.23876463575311271,0.3124280792039238
s03e08a,192,-24.048019193267407,-28.119493240382912,0.036627485164998565,0.1111897924962234,0.009907139696303987,0.10834936977948795,0.4093316434824447,0.4308723564517556,0.4493553745961607,0.44900254959925334,0.1856667198865715,0.2430050187934265,0.18384609348204853,0.2210863491666594
s03e08b,186,-25.957469854492725,-28.033347653174268,0.31204536135677813,0.19825614165909164,0.30796432895028264,0.1686717894477462,0.42494117339258514,0.3065136697548753,0.4170102636244673,0.3184042432366649,0.35335879632219064,0.43184711317198676,0.3415849107130276,0.4249054533805752
s03e09a,181,-25.09586873833769,-26.35902417577854,0.2037766515990843,0.037073946851209565,0.19365635595950104,0.07200483183107419,0.3847492665318706,0.2607148460766368,0.322433136778441,0.24806439139766087,0.13155350094360077,0.10981495859461447,0.12205529339932564,0.1089942327787336
s03e09b,220,-24.227577365250824,-22.973658309075027,0.24214210495067903,0.2227010985035807,0.23508819561155647,0.2048511374057461,0.40519289239570705,0.31404469268815655,0.4010819537383988,0.31624479392990384,0.3605049769913868,0.26813497462192165,0.34097633253787424,0.2676918015870931
s03e10a,227,-24.51670472180509,-29.88052900769566,0.13503063456055664,0.26397827976130356,0.13142445076823625,0.20330816979027314,0.4228149001625767,0.44336567914089464,0.41914358843706206,0.4129954565476706,0.16268287395291423,0.2153756650925682,0.1488287470432677,0.19426059806398174
s03e10b,192,-23.706280357674128,-23.712855067329947,0.06873465548069223,0.17268363104944687,0.08341538477635259,0.17341298908665537,0.48155468675000274,0.5022430605627201,0.42546252351333363,0.4925896609894136,0.199548615172067,0.09490282383088133,0.21922888312843214,0.09997884032477065
s03e11a,224,-26.161077909248572,-26.215987102529464,0.15641779586335633,0.22295369262744272,0.15159275652840026,0.17066814844127245,0.35251777628832076,0.39834120335235196,0.3094798220091502,0.36910028990019383,0.1552799053192073,0.1923458213713871,0.1382207829662868,0.16887690771562225
s03e11b,217,-25.567129456904993,-25.52944143376032,0.10000202627217054,0.0643974299491085,0.09602455667544905,0.06174509727664974,0.42116291878440165,0.4160070389954526,0.39600370392737355,0.4139090575611988,0.30318846704130914,0.20882480076054297,0.29870460874532884,0.1839528965040842
s03e12a,214,-23.61773660035496,-28.842816864029285,0.1313387059623786,0.09889001817645304,0.14247428992614228,0.10072657336914904,0.25942931568889777,0.35257026595844737,0.25148776498895825,0.26393026901613653,0.2708804231934236,0.35205770202910774,0.2753586588630625,0.3059714397328361
s03e12b,231,-23.787273117116364,-25.209645270820808,0.12732733772268703,0.1866037218087675,0.10573991533651218,0.18455085949179983,0.3711721497578451,0.4842624485730019,0.3746344341715515,0.4734699892369969,0.29257951198193105,0.37447899633216636,0.2629209832561908,0.3701126171320028
s03e13a,223,-25.361438275365146,-27.736920193669565,0.335003894470552,0.37436299336774664,0.31744788707978416,0.3592531242740189,0.4473203739018476,0.45002410502169304,0.461709431964538,0.427134115899439,0.20671784852450495,0.20896404828337264,0.20055560059987157,0.19639509947542133
s03e13b,198,-24.999854153518918,-28.85946984707973,0.22563687141526415,0.2688860862687909,0.2639528029789256,0.31225419797022597,0.3635069601412941,0.49342996380651316,0.35010189971105277,0.49989086639783675,0.24670894273028723,0.2523586506931281,0.27099487831291774,0.21029219759173698
s03e14a,195,-24.989827103759946,-26.37879136654395,0.07274158940472981,0.09876986325474522,0.06570951179695142,0.07263367433609323,0.4690226273526477,0.49707101085555516,0.4518972848759974,0.46225079690575505,0.2631258084344343,0.19817017360837696,0.28178255096413324,0.20575535761527966
s03e14b,212,-24.13713360352186,-25.49959734584905,0.32287795302446076,0.28413205952877185,0.32290259340669736,0.2635553946180504,0.43854231578141983,0.47358343942430886,0.44501556375055107,0.4151189255493377,0.206812266561337,0.19894963034754642,0.1933124032609028,0.1466158079693913
s03e15a,219,-24.880633732716788,-26.593891928311656,0.2022816606061926,0.11939232609085605,0.20825087038335646,0.1000160759013453,0.5289626751451212,0.4489607933971011,0.5293353665909144,0.4296520445164966,0.2823186227381042,0.2259361766720436,0.2796772395583493,0.23063039252050374
s03e15b,195,-23.513797287940903,-23.683855658105518,0.18848940145743887,0.13391423179371087,0.1947078116789652,0.17620477399193799,0.4090314946037425,0.6219372141208442,0.3710433304730156,0.5746857080847877,0.2757856833065584,0.2847839362603383,0.2693461587410533,0.24084965493058677
s03e16a,232,-24.974977082688508,-28.236465275945946,0.30007604703838126,0.18942527068055273,0.2966985369114605,0.17721037409567808,0.4871646113735804,0.5581590066985608,0.488644187672149,0.5418546726511616,0.1679175845309628,0.27022410074350284,0.17075275832469783,0.26752277488121873
s03e16b,185,-23.692122268248564,-30.603759778817366,0.14766306011629138,0.27328016862602494,0.14941743377243177,0.23876720233322946,0.4010129952845954,0.597195316426549,0.3977637237876732,0.5165667053801166,0.2719511957143183,0.42370915931613135,0.2675189940261285,0.2882821293295534
s03e17a,203,-25.095747852408163,-25.72886747672439,0.2103711906767357,0.22181844147414945,0.22080374801114408,0.21250499331795816,0.4002564831777318,0.4208975877869354,0.39136058651535355,0.3992784510037653,0.24189800787475782,0.21326291479388873,0.259051858169243,0.21128094982940704
s03e17b,187,-23.964902666313584,-24.637370755727815,0.08293097195605716,0.18049969650787456,0.09363867448980523,0.2115070474659385,0.5455171316809017,0.4863077065219379,0.4757828525559507,0.4493433929392074,0.392264404893005,0.3681582527213694,0.3834346316579655,0.36415294993086994
s03e18a,212,-22.548886114464665,-26.722360112906276,0.23676209611285848,0.20672574183334125,0.23964152040706233,0.20005582136160482,0.40091765096080006,0.49141313559074323,0.40333507821143505,0.46493097711746256,0.19218356482234333,0.13938018426902635,0.19930428612321835,0.15594559494642293
s03e18b,219,-24.04896107664121,-25.582333652448344,0.10452148708926202,0.12256432775895217,0.10380892373248014,0.12773835874387202,0.3692021276845041,0.4381697593499563,0.36320906623719557,0.4348390205643877,0.23013138840925595,0.22783341282291955,0.197486719430969,0.22063870032317778
s03e19a,199,-24.329913497418996,-26.613348423837976,0.15018353315438246,0.0953408432238645,0.1695982795217015,0.11350943883831294,0.3593874472396125,0.39972610130802827,0.34261388264858744,0.39063264747988863,0.2108347992764953,0.1863667412263668,0.1850601280219272,0.15659831969924085
s03e19b,198,-24.694308127410586,-26.779878419271906,0.16232150640941698,0.08365289128469194,0.15110731460973112,0.09590026916379157,0.41958084591735884,0.48890641537379925,0.4387921902426469,0.4423543044299327,0.13722901257887982,0.2507507538888321,0.13881326791139775,0.16549294683710136
s03e20a,206,-23.92821470529896,-25.689441445911093,0.06614463055816085,0.19265869804334956,0.054814389101101986,0.10257369647308638,0.32592712150804887,0.37271296708816415,0.2538618465581956,0.36283422366957147,0.20790604700011758,0.19838613552991605,0.18507228977201387,0.186243861842027
s03e20b,214,-24.757110150732263,-25.121324297252283,0.1621419757622043,0.2081921605666468,0.16030821689618394,0.22459672520504737,0.31135846002217704,0.32869164130344725,0.3114771796232661,0.3590160070224897,0.20369181308562692,0.20643501902799036,0.1983590295045524,0.19337266041483722
s03e21a,227,-23.412226015285572,-25.851104499610244,0.01855198181745715,0.04935430531230073,0.04294857041376276,0.038811872980241795,0.36605823922764436,0.4292422051827322,0.3873714377965564,0.432868903539333,0.1594223454483132,0.2278934557564353,0.1758264533070163,0.24981623673056289
s03e21b,185,-22.176062553229308,-27.056360505479255,0.42089345992611643,0.22239258728912215,0.43090063222631897,0.3214485204862283,0.4299427521349149,0.41615935694253015,0.41761884544782996,0.37835013183817484,0.3050069567103227,0.26017106462028033,0.2769209967444784,0.25066663670994244
s03e22a,234,-24.755773129473734,-25.871611346293943,0.20964774197827254,0.22274287911039303,0.18547482691370187,0.2043878452295318,0.5432964561232355,0.4108978178427007,0.5009566618134065,0.34822354610163186,0.3124508159069122,0.17430586169754614,0.2911161273034225,0.19638417818980014
s03e22b,186,-23.339670937480175,-25.13284239752981,0.26982181665404137,0.3807514438176498,0.2734881281439175,0.4230551586862603,0.47731477366985936,0.5103260539048439,0.4540135021837776,0.5167523579845476,0.33952703007907803,0.3372850336691211,0.3220146861675404,0.3249024884321942
s03e23a,243,-24.277839712549135,-24.74568271002579,0.318773501121024,0.2687002704299934,0.30515945263809735,0.26162760301356924,0.40326730875069855,0.42435089916261487,0.3228821519769958,0.4087056247036123,0.3423680756066672,0.2869154767196584,0.33226464297042857,0.2899228381068747
s03e23b,209,-22.984292873590263,-24.422335869625,0.10347494623228558,0.10385336648957856,0.09889071765225822,0.11811736975091243,0.2852726399106196,0.3785053577422361,0.27775185259471963,0.3794435735044222,0.14127915001547192,0.14127417315260185,0.10906203219321924,0.13038514683830643
s03e24a,192,-25.117006072939475,-27.477828680786544,0.1535823270578561,0.02890306379466065,0.16738681702221178,0.031061619228722793,0.38911115400013746,0.44350710703956303,0.3507843462466249,0.4078776901208914,0.1518039533610246,0.18817828968480932,0.13942283688875257,0.10443764432535822
s03e24b,204,-24.59858245845874,-26.514398089697448,0.1102930954288854,0.11315620222426993,0.1144404700241251,0.12573071216339501,0.46444770033802985,0.5433662913944151,0.4000312351517696,0.5192107081342504,0.20367142514334022,0.33736631697968805,0.1842981887242604,0.266960530382474
s03e25a,231,-24.79830176731979,-26.555679324033733,0.1031580182191381,0.1348741514045486,0.09944163658200526,0.11115210088832488,0.37029827110822094,0.4617662155740636,0.34727016290058693,0.4454324814134823,0.12682815264618405,0.1200026674905947,0.12974580667843147,0.08472262269221921
s03e25b,206,-25.846674674453197,-27.260737218416768,-0.023162178341943673,0.16228079385609392,-0.01410724134251024,0.17668732178144128,0.4642108536741618,0.4278164105865471,0.39169104565285523,0.44521699987864327,0.16997338291840255,0.177666557202556,0.15978943009672378,0.18582580061847867
s04e02a,210,-24.842983093777672,-27.041153887504564,0.10155605627426384,0.03399008911976518,0.10749271779005865,0.04341028464659769,0.4539963766641648,0.42746611472341894,0.406050758555671,0.4136052745454806,0.2340015433821315,0.14190826252021646,0.1819501523382392,0.13361025341842925
s04e02b,173,-24.560250004983615,-27.49487128313331,0.2535499902254457,0.2847227736644144,0.2853709144742274,0.3440592822653752,0.4977022736952124,0.4476777214985282,0.5167298834354777,0.32898313401542323,0.18099198299593708,0.08454508459907016,0.23594558717563582,0.060665317945689724
s04e03a,227,-25.89628319324778,-27.068839496435867,0.08772734242861528,0.10864907340332529,0.06741740836697403,0.02524787044708296,0.47670803721119154,0.4499136103719466,0.4617307763027352,0.42563620915446326,0.2329103568573756,0.32731107061025094,0.2501839141725294,0.3003126529988919
s04e03b,208,-23.888594623263998,-23.95392896295322,0.35838937484267835,0.25427446592149955,0.3704809815577535,0.2600612972176593,0.525533284077113,0.4744171755320224,0.4890943818634817,0.47373088867261987,0.17154361373685836,0.24993531867164523,0.18383186641828456,0.2548150006262715
s04e04a,194,-25.17260451016345,-26.692135582688394,0.22777619889857903,0.1541329383653654,0.21173741827244683,0.16554868528388503,0.4110239433296483,0.40339624944807806,0.3853118304398253,0.3781361529625931,0.17288476762400537,0.2538838890868898,0.18630919174168437,0.2070493782754629
s04e04b,213,-24.165225460888685,-24.342925722534943,0.10177537325679599,-0.007964884806640322,0.12465228043709896,-0.012111673610788637,0.4322441046784711,0.48266863629053125,0.40197371088092954,0.4753475496076831,0.19815649188856974,0.24713241127988628,0.2052089897313225,0.23069651160381674
s04e05a,170,-23.102443596527355,-27.67945223225048,0.2693642739210008,0.20593797855291363,0.26323195439368274,0.20803739315653147,0.5197293298075762,0.5285073085561671,0.5484249047231069,0.5344528924185913,0.301246647727904,0.3134031528340014,0.251244964014458,0.26619763727818646
s04e05b,170,-23.78524734772513,-23.008839575780726,0.36938354252726074,0.19273567063551086,0.3602974516238582,0.19113412450488285,0.4351072418371505,0.48738457811838853,0.37154464651968705,0.47740853209543205,0.23998341596077158,0.3160594988628665,0.1872405616642693,0.29449836929278606
s04e06a,201,-24.041919841387433,-25.589306680350553,0.18291666642707669,0.11539351722097163,0.232107142932661,0.06589569734104239,0.522418885355105,0.5330015240191758,0.5606112628876433,0.5148850045991228,0.2519597802080768,0.3255368955914187,0.24819074438706254,0.32261174879514726
s04e06b,227,-23.22098906977217,-25.18758937615784,0.1366847252952965,0.13193688648135335,0.12090936397221434,0.1139990698677585,0.45135361084045805,0.5549077950736788,0.42229537058412614,0.5117918985897941,0.2544551847711927,0.19926301969567173,0.26790556429962814,0.19412804057596147
s04e07a,244,-25.302987236779497,-27.030466247344368,0.18187331571379936,0.20599433685419996,0.17675290013990316,0.2093882656562537,0.5057844217055757,0.515179068252293,0.4494585748831719,0.492736208161008,0.24512723064267197,0.2960982732328222,0.21657251711843992,0.2463257895619644
s04e07b,229,-24.875264757275385,-25.169169129991406,0.1808776135445375,0.15319553351201384,0.1839424654266987,0.1300374475608073,0.3512774713332907,0.38861964231462093,0.32490190775716493,0.3588225425535109,0.0034351497456176403,0.24803638403374273,-0.008526269823574179,0.19166598768526055
s04e08a,228,-24.88267132408544,-29.49581534331672,0.2583207342511167,0.2823623408863058,0.26318633195810087,0.26232432319737375,0.32483834401739103,0.4790067912342057,0.31818113015724275,0.4061224676511211,0.32401508363086773,0.3258203496118566,0.3845464913436379,0.30432378049559894
s04e08b,222,-24.57200172805481,-26.114542188256415,0.09463639768929072,0.034325249168104276,0.08570731326000326,0.030226773861931677,0.49112953810558985,0.5268223755673804,0.503892965811651,0.5293623396855539,0.16648142861256351,0.1671212545589318,0.1612815448239476,0.12303039045485072
s04e09a,163,-23.18518787737122,-24.12977797508107,0.1763562629635632,0.24055243643411015,0.2056899871420963,0.24006251532443235,0.5078805883119569,0.4773316310004734,0.45272490159756495,0.45550708043285354,0.23651750888352063,0.22164539275967662,0.22187986943792373,0.21375254677768876
s04e09b,196,-24.317696773300142,-24.506348043046387,0.06693543384398543,0.22011276710830732,0.08110356740082662,0.21715103691699633,0.5188953813314288,0.3962478151036876,0.4596098230298351,0.3822435790775694,0.23242463271764136,0.2135595016860329,0.2156543537766699,0.2099591572682689
s04e10a,190,-23.877240660816458,-27.00206790158383,0.35470285070759155,0.19648657684590073,0.33971562082466433,0.174326175051424,0.5412945454272126,0.5448802212228535,0.5381404791417655,0.5425873246480636,0.19835594725303507,0.09092131367220972,0.1944791382772659,0.06853159570487331
s04e10b,206,-22.846688453337148,-25.380000639828715,0.26386494585676906,0.3449955665451118,0.2668160280363773,0.32979733577051845,0.48354715982848817,0.596037604579119,0.5057967756481796,0.48740164915999484,0.36048304683080273,0.2465147125532177,0.3388269684225756,0.26480183269902463
s04e11a,211,-22.43296386866117,-28.467532322967163,0.18224585880784605,0.17488282213326078,0.22102492118820496,0.1335125614734751,0.3463605121691577,0.45529829721105347,0.3380167027504859,0.4247727973463211,0.31177555482450253,0.2885506582474076,0.31451605221252055,0.28252983306117535
s04e11b,207,-23.498456508127664,-26.509008891155492,0.2457211788094217,0.11385316625517221,0.26023536120331986,0.1510562212136615,0.3839494455903856,0.37123768031572074,0.3534753458040873,0.3421421782848965,0.196533961037577,0.18444792220663445,0.2099067286593795,0.16435471196642346
s04e12a,234,-25.68915771394304,-25.380852211600516,0.10769531408839017,0.12668508422003308,0.10628070280991568,0.022747450572287112,0.5149434883301551,0.5453665745812502,0.43923977237110035,0.5458921126262273,0.22236793851667747,0.23124306468089983,0.1986162951950887,0.22758494370614932
s04e12b,202,-23.55600658458563,-26.22138954242524,0.08636498331249486,0.03684719034762156,0.07078781217430795,0.033194281598493386,0.45209365228089227,0.6144654310332912,0.4489147825189053,0.5669828433417942,0.2112039287399036,0.2222285609904504,0.1850483017545519,0.1797824779772259
s04e14a,204,-22.916724498975835,-26.737531895261842,0.1417984707555016,0.0794346850577965,0.16737807623367396,0.04817213909485226,0.3939795945583439,0.5249254757896545,0.37323414037072333,0.4723729781452947,0.3279677048123773,0.3211741723759692,0.3163569907257922,0.32125005304101056
s04e14b,178,-23.551033066836172,-22.856222029073876,0.15529998686937949,0.001141543985890613,0.1265013862807702,-0.007149525153428177,0.547028711125748,0.3609318085365054,0.506497288860667,0.35897993873428663,0.24544592519349143,0.2822175807851958,0.2537114825904933,0.26984788685474975
s04e15a,201,-23.987429730214252,-27.66804746707248,0.1986267010333211,0.11726911186626206,0.1937423747027056,0.11935453169691727,0.37883052389113797,0.4660948222772245,0.3554366209712431,0.44716676776079023,0.30617742520507263,0.23603240341069645,0.28174094128055177,0.23586596040116048
s04e15b,193,-24.396185832955776,-23.995856922070182,0.27980925597118195,0.2748477013788969,0.3216969671812084,0.2753057597056691,0.4752341735010914,0.3924568777400516,0.48323864867450883,0.3647737918799467,0.14679014281683503,0.19603054173246467,0.1564855746311791,0.1973075346751693
s04e16a,182,-24.23348117118992,-25.672257898274133,0.15797802186003437,0.0765312149677718,0.1703283634906038,0.08603241582169409,0.3612926572795216,0.47552005228613475,0.3719168887761483,0.46378300260642047,0.15090414582155934,0.08651525675439468,0.15632366423949837,0.0842863204626702
s04e16b,185,-23.43328502685705,-24.416072794794886,0.21034521962904815,0.16301088148197068,0.23853554577032243,0.15607153229213525,0.36676967923765186,0.4066148954176419,0.3608341043300977,0.4153096969370407,0.2510091945736283,0.2758558332706626,0.2323471557643454,0.25708560599604796
s04e17a,187,-24.61723929884388,-26.61714792473809,0.2167753878260276,0.18393727173830213,0.20086924747268098,0.16509669781790107,0.4468036721555982,0.2818482094223826,0.4182414027895784,0.25255178684775276,0.21836123678770522,0.1729746008166588,0.1766839739850359,0.1318764176268308
s04e17b,220,-23.081829284796697,-24.493534344785044,0.0512350089968328,0.08019991257037708,0.049829378598786965,0.05176301422604781,0.2101689362346706,0.3331908458327776,0.20488582684261483,0.3400682635566863,0.31173482759232346,0.21708302067980914,0.287226818076692,0.21451643934928058
s04e18a,202,-23.19312063402763,-28.450459054053415,0.20778402389196646,0.18517595604107664,0.21087390617594634,0.19594913468839406,0.42996483223876186,0.4846815495079982,0.4131399237961833,0.4332155849607405,0.14810597728740843,0.22443952809919224,0.15391152061274374,0.19337043406634438
s04e18b,222,-23.643979493823085,-25.1293561283481,0.35648588354461297,0.2902546547067046,0.3544713961676123,0.33915155612825987,0.39216521863248127,0.6117995572095457,0.3944042036886959,0.5558859132083033,0.24957426549616554,0.2847413572550587,0.22930682201790079,0.231467223263549
s04e19a,222,-25.098793900364296,-26.574869736731074,0.08798509285472651,0.05340569834416175,0.09631581946930147,0.07661032374276927,0.4525493549921991,0.49321762434693145,0.4001734311332692,0.4599424425084597,0.21178034189291248,0.23518287136270755,0.20469014005903988,0.16716252535576073
s04e19b,204,-24.707088204588082,-26.412057381602164,0.13222919308457948,0.10991784938362803,0.12507877385803626,0.10621142437732235,0.5422270122629365,0.4937799801377753,0.5457393254625909,0.4982268409948472,0.27325056368754247,0.414237023447809,0.2771259284554616,0.37072566100240545
s04e20a,216,-23.71177199253614,-27.694034988132096,0.15348138698486166,0.27174294400243254,0.15909211549512334,0.22127681821853007,0.28872640620844453,0.41469997233079187,0.288911513804527,0.41053651420245973,0.27618627232503107,0.3229929208095093,0.28271537603306457,0.32091297329747637
s04e20b,206,-24.38986505438773,-24.708827119270666,0.18461953851614374,0.10593655550914956,0.17348305007488,0.09894210470669884,0.4104461458295949,0.4430146171324903,0.3746351174789684,0.4482877119423234,0.2919776675309492,0.2780350854777462,0.2622560158265954,0.26522834159675424
s04e21a,183,-25.5105957479228,-27.89131549881277,0.10520579082589886,0.13653368229903567,0.10797911753187972,0.17224739032044953,0.5228504413860109,0.4427772296802084,0.48886669359357565,0.45794377752431403,0.4337251548707282,0.3944945505385061,0.42687064357522314,0.3363753281767096
s04e21b,176,-24.346658373061846,-26.05843093600037,0.13655777960903934,0.13424057098567999,0.15335185137296434,0.09102036260594004,0.4249980036582121,0.38116652776866805,0.3708723022411063,0.320131618554032,0.366156091713764,0.3807876430551358,0.375558298553679,0.3303170643867686
s04e22a,236,-23.344272796434442,-26.625194268359223,0.10120737409387921,0.052621894573500076,0.0901634015557337,0.0660806939359236,0.35993807339433187,0.5420283531025902,0.3767421129545798,0.508256412762709,0.12703821708620033,0.22047849706044523,0.13414340540885658,0.18912680133508467
s04e22b,205,-22.850939397725693,-23.63568560822217,0.2036105185820826,0.17186975600445317,0.23358150346722198,0.13516232672401754,0.3450688881117408,0.4293920468519148,0.3186083189945597,0.3696120373113276,0.21652507969047863,0.2745765790894867,0.26243853928548777,0.262052745661983
s04e23a,266,-24.44685378898121,-24.498566889683598,0.1515347378317749,0.14318043239844355,0.1703731441596861,0.11567713607815018,0.5059187386470052,0.4899157429605821,0.4514655901258535,0.48602850476877374,0.2428749483277364,0.16282288656592217,0.2520862606693298,0.17233567967233845
s04e23b,224,-23.146251278059555,-24.89132761700455,0.034546995430530116,-0.024873406912416084,0.03289833035215587,-0.046554864640787876,0.48277656579962097,0.383638187930301,0.47351055576319406,0.3618053649956152,0.18231859918989102,0.1429764672562351,0.18300414713779323,0.11804905694845953
s04e23c,249,-22.078097940979184,-22.774917049205687,0.07556943017149853,0.140764737170146,0.06978311343814646,0.1335147058971343,0.28106148790756175,0.35846203982550895,0.2772936741746163,0.36317693703250953,0.1439441912952172,0.14077215551414893,0.1506573849379674,0.11395382820343214
s04e23d,201,-22.859796573533977,-26.395675002703577,0.2519541343549649,0.21070701842743314,0.2454934385707509,0.20858946198905268,0.40323355481756257,0.5139045498124816,0.40421403064240646,0.4554295060856721,0.3744161785798015,0.27789977000629984,0.3745393969223521,0.28558337566414665
s05e01a,198,-22.664444218550926,-23.869268542787196,0.2337293410268546,0.20968888610446834,0.22767213039184184,0.21748674825202455,0.38337980582730885,0.4695832523086272,0.35236310644784524,0.4678907191749276,0.1864387358645385,0.2016424772048271,0.1415203273706046,0.1772643169334476
s05e01b,219,-22.30533691407444,-23.94986851920026,0.23237762960601882,0.30150138108775076,0.2034152493817146,0.3089786588221642,0.46850693738939464,0.4836716416341275,0.4519635492796537,0.45761224829614106,0.23879720272714036,0.3366063026893363,0.24486627030819444,0.28651866660254194
s05e02a,236,-22.234078208799573,-25.211198334852025,0.2883913963650986,0.11772728241529033,0.29205897216367616,0.14432150063559931,0.324747951339378,0.37284201018228336,0.31995431031059324,0.3279338237946695,0.1074900867399415,0.27155158584016365,0.09708555141186347,0.18929842896447258
s05e02b,243,-22.635856281303536,-26.413271098189234,0.14139137611044078,0.0539812412024325,0.1466933843623292,0.07173277591637824,0.37638907114929565,0.43733435218423306,0.3611757334128422,0.3890482519955711,0.1404043212376417,0.20926984737521134,0.14684608999869705,0.1643372208207348
s05e03a,213,-25.593532425253503,-28.087294997812478,0.1486638886884497,0.25859904291120167,0.14407858893888095,0.22185024114461993,0.44588895167242515,0.4579532303212903,0.41407591595151944,0.43503093847276747,0.3822324011448343,0.30629624435314856,0.36514436331946615,0.2945164238578025
s05e03b,199,-23.51011726807304,-26.51279626311175,0.027875674481355195,0.0982316213413974,0.0507252292911188,0.11904667758566766,0.38102325823217104,0.519507394355278,0.328116759455182,0.5112860975478876,0.20405246777200822,0.2975454312709049,0.199171853684299,0.23699415450316508
s05e04a,249,-22.49360006984234,-24.69796814495613,0.3329889811589481,0.25373588702516076,0.3230486180063015,0.260323889324444,0.5088547327654093,0.5397502005366336,0.5111016580310331,0.5232049378628009,0.3310562377260022,0.17188006097419625,0.3274341261830105,0.15513447748940104
s05e04b,224,-23.503996597464894,-25.695730695741304,0.3242659100767174,0.33668062440371793,0.32365145478640206,0.3499263072641456,0.5705412263039108,0.5732902159635925,0.5632203764516374,0.5595313301124261,0.21107047642955115,0.313055538860038,0.21706808647502007,0.2933030360332642
s05e05a,212,-22.84332520289328,-25.077541547826666,0.21289160783449948,0.1641189795116319,0.22719959624039873,0.13374744644809128,0.3911203089467679,0.38337465864849607,0.36062402731080584,0.35273557730965016,0.23695614742315965,0.1635512314321088,0.26174697193418117,0.14550750828754713
s05e05b,250,-23.4407650519707,-24.24453596015201,0.14529595218713967,0.04842266789916266,0.14401764645405205,0.04320987107617865,0.4420701317434903,0.3268406022484416,0.4069856706965757,0.3071007608549758,0.21520759340512222,0.2777025656700944,0.2138332539609774,0.22675366291004498
s05e06a,238,-24.799897728249253,-24.997835737094963,0.33889723890439427,0.18896198020936042,0.3215017750140163,0.1807950766683614,0.3764990600863145,0.3096838981543773,0.3622026721102313,0.27906304467218623,0.26814200459265103,0.2773127744284498,0.26708106457040054,0.2540798024813129
s05e06b,212,-23.758052895903372,-24.318208706251557,0.1668709968155294,0.0859412284960107,0.1725722620413285,0.08485478552993712,0.43904322070800555,0.4046273930278754,0.3999786241957169,0.43325639661446624,0.19070319668450106,0.25432508610042986,0.1809137317901316,0.1799612204483195
s05e07a,219,-22.47112449022693,-22.497019206832498,0.07572851835610893,0.13882949498373834,0.08157206488981762,0.13761635770958822,0.30805353687273795,0.30868667598323485,0.305891076917448,0.28883189241771934,0.2778433955581179,0.18333476408159954,0.2639405924010065,0.15323929715739523
s05e07b,221,-23.183269829254137,-22.716800602267618,0.30421749864245157,0.423310838945659,0.32437355576581034,0.4216149855054134,0.4783658245723453,0.44569316381740404,0.4835163016327531,0.44690027844753716,0.27703116728137694,0.31002541357726726,0.28259246240808006,0.31105751078088323
s05e08a,215,-22.84645087359755,-23.179062332910856,0.13415827693949295,0.0621280034063087,0.15421347107062858,0.06925802033172958,0.3091766429887481,0.2820223422682377,0.27168244472484854,0.2748696625977975,0.0767896872951809,0.1376795174324336,0.06075203997088833,0.10800684790776925
s05e08b,209,-22.296168230475907,-22.063177510901294,0.11386441273459658,0.1347870315548049,0.15568214498337427,0.13759507040267008,0.24028740264376447,0.31380068867011135,0.2259606345796943,0.3205038076042214,0.30666950430631185,0.20705717356659056,0.33817615001202217,0.20049473617663807
s05e09a,233,-23.06183934199397,-23.491034188405024,0.16680853752041058,0.12533598567800883,0.18255112778395063,0.10645101297130487,0.3118109410202405,0.41920598362798295,0.2818891100038002,0.3983183432026731,0.2330715357388047,0.1645197414924965,0.22095454593703603,0.11646971885170702
s05e09b,226,-22.60128404942295,-24.159480316299902,0.04765194275891877,0.1637104803524347,0.027235940397511465,0.17950702974424704,0.32034471304936246,0.3723805280272566,0.31139834504397995,0.3386982745146525,0.10853210453094712,0.15510116179693703,0.11227613310093153,0.14400344909841123
s05e10a,230,-21.8603980112187,-23.512047737206235,0.23674448726552347,0.21525732775700948,0.2412341861772143,0.194051936605117,0.39556701498042734,0.399206109259985,0.3824403937879431,0.3732998124062758,0.1514095338480813,0.259018507256273,0.13207003540613368,0.24855401301950217
s05e10b,241,-21.99055316241717,-22.180502601547175,0.1638749747999367,0.10429952441831676,0.162726063741262,0.09531624723043013,0.4479083221356503,0.39620096797079635,0.43657422383353955,0.37227088748232123,0.2787107628099175,0.16043325651492343,0.22470155908591385,0.1501928347207231
s05e11a,221,-24.638663841569446,-24.443444611707672,0.177040098117228,0.1340351214070655,0.1975919642028318,0.12281456133262603,0.361949825947899,0.3979445382158369,0.36606665138107686,0.3876845699688188,0.22415749004736926,0.11291830567149164,0.22338118652560937,0.14258647776264705
s05e11b,199,-23.84494937711572,-26.12128866169074,0.20476834518644393,0.260599713232817,0.18334235292669224,0.2662686027727374,0.3640136913342889,0.32697166400588795,0.33612969626995753,0.3161979783699019,0.21039892204672891,0.37825372455088874,0.26171122669418584,0.33716806015094675
s05e12a,190,-21.991670749773547,-23.879449113629867,0.200891218782051,0.24148281149702355,0.2116275046845689,0.22558412249868723,0.3663265591279259,0.38218466110493576,0.36201607589941714,0.3262486704838329,0.2735873461126994,0.24472104835252895,0.267941302584809,0.200073943399416
s05e12b,217,-23.11026437066474,-22.98075795225879,0.06732882833137195,0.12073085286804337,0.07447405946823678,0.12252372537800536,0.5141187355116849,0.44462208059535985,0.4791638981494457,0.41508901933639364,0.3602846992610933,0.2912352808852832,0.3394301937820394,0.2705325266045156
s05e13a,199,-21.81992222193594,-23.828603976074774,0.2264051501313283,0.159395976526643,0.19617741055698923,0.13830914717477719,0.4436998318042322,0.4522100972480178,0.4339952867416701,0.4233422077935262,0.27646637192781304,0.2656801473920986,0.2795617570965984,0.25801722721564696
s05e13b,214,-22.99120183879579,-24.460787608579434,0.143972104553626,0.1491750108967689,0.10165481043650443,0.13864237357001027,0.27829479985336397,0.37497252366963374,0.26255524327103336,0.34277183563099806,0.21893227571390614,0.372943509211874,0.21190202928624643,0.3297612465312512
s05e14a,248,-21.73775276133362,-22.776201863101274,0.2083124043923914,0.18989448832718722,0.21744889635453454,0.1595519309972637,0.3330450155307604,0.38928144064781495,0.32329976409370936,0.348638866983046,0.25911099994992237,0.24749972205682377,0.25788644355658497,0.2369753076070749
s05e14b,203,-22.070904615436564,-27.030418854972716,0.17518661163201873,0.13703405344365577,0.18353456875702345,0.156796466126468,0.32657125239939705,0.3406887599215951,0.33072616447917835,0.2167050758382875,0.27788749278904784,0.11639808569522155,0.24769511904552366,0.08990988788346861
s05e15a,204,-22.033048484798584,-24.81361902834374,0.2677192841848161,0.18016519105090115,0.28130538954939827,0.15752386208447125,0.33569456084698696,0.40980565014216896,0.36276864500406,0.35755287963421206,0.14632848980414762,0.2855422182735387,0.15910215828637178,0.20657352676887683
s05e15b,192,-21.973735566788747,-21.799197233691476,0.35164068897791284,0.23747782916892,0.37609533424246866,0.2331078185964479,0.39715993509685443,0.4906949577805584,0.417088037983851,0.4948748994749495,0.28049194613875045,0.3047889529151633,0.3046571338502177,0.2873500492203755
s05e16a,211,-22.507033717526525,-25.26003973999399,0.18613923640598884,0.2890918029662283,0.20934446897065842,0.265317105490665,0.30832881636075204,0.35871200780641904,0.299273450004513,0.34749927212195003,0.20809362558832303,0.22700553222457853,0.22740478539955078,0.2044001692519032
s05e16b,212,-22.222185859853223,-22.376105037477085,0.1290091401068576,0.17724407421910549,0.11232897696473154,0.1702929365888183,0.3221465714048709,0.3483630989583908,0.2789508165253897,0.32567953118516674,0.1867386649377906,0.11921399321670956,0.16592138845158552,0.12556832537664137
s05e17a,224,-21.21020762439615,-23.963765078489367,0.22420176873049127,0.320510685332491,0.2331170128446637,0.29459888552088537,0.326334995352969,0.4585990677053861,0.3286988099750244,0.4523010429614811,0.32282714106044674,0.28687884822424076,0.3370630766666188,0.2896910515446626
s05e17b,213,-21.46446986148203,-22.626402045271305,0.12208403094912386,0.1991919429487675,0.07884054149343228,0.1794425511527787,0.21081034134366491,0.30110057565144616,0.21053931557347041,0.2925543207623556,0.22832765500901198,0.2467513407662811,0.244377382503299,0.2500894161697557
s05e18a,255,-21.657214411732436,-24.223924323553767,0.27928512552524365,0.25769080624346563,0.25684513363644734,0.2627669093815892,0.5728454213439075,0.5262578694377891,0.5691859168991351,0.513815087022641,0.15565249843909318,0.13109154183281527,0.1497768391341919,0.1308303134688398
s05e18b,263,-21.96474904873562,-22.690311762048736,0.13660183459791797,0.10640445415044088,0.129748453452478,0.08351155966873419,0.42049074372487794,0.3404489317252597,0.40703934018814797,0.3084985931365855,0.16106192795598642,0.14707966914398193,0.16603472110613274,0.11235331648020237
s05e19a,201,-21.60271740330251,-23.377644894899273,0.10301506985916203,0.13905110558143421,0.10412803087561162,0.09836389207536257,0.4522930119438316,0.45995322202802486,0.4380277302373421,0.4580170038637605,0.3794526762946333,0.3109880547675139,0.38337819754250596,0.3074075100572275
s05e19b,172,-21.712790232132207,-23.051462376288747,0.1002648838061382,0.11604101949189687,0.07980847175449186,0.12156496207236145,0.3437715232985168,0.21161860017259018,0.29967747124693356,0.20907313077594905,0.2797342039138706,0.2494065595247409,0.2626542483971845,0.20368983602924687
s05e21a,184,-22.106564259424125,-24.87216190049253,0.207902966580886,0.2916904235425067,0.21497538154249574,0.29612735782022015,0.4005846163308209,0.3755773413309889,0.364135561833204,0.3532465158356866,0.30587159090525234,0.29263027868793406,0.27799714318539054,0.3012155871521322
s05e21b,189,-21.886264962669394,-22.541449730530548,0.26393355610934693,0.21825157837318163,0.22924519512974995,0.22686787726265334,0.39289210278528447,0.3748598643067688,0.4102181909766614,0.36293139133556584,0.1903687490395687,0.19422823078777893,0.14574240784177125,0.19545063273405236
s05e22a,204,-21.87423418361735,-23.740089361799715,0.15722880045127702,0.19140435060047103,0.14308673463704624,0.1989499737929148,0.33450948267611363,0.400085911242366,0.37665642268507243,0.3789743752020998,0.2172053534965169,0.1239370620298667,0.20519829020438554,0.12670186481091217
s05e22b,195,-21.410510201503122,-21.543652132804166,0.23567889984606435,0.24748728437647008,0.2566959516844645,0.2608095571275351,0.43556827407654963,0.5140909197464022,0.48086427388279057,0.5004591509122427,0.21415593164160726,0.2284350159931737,0.26457294301002515,0.22287123343315537
s05e23a,192,-23.719957182415556,-25.27676791713583,0.23559649813708972,0.22317023793089677,0.2197733826733581,0.20723700159508493,0.39204394094070283,0.3350409312295108,0.34695145846017006,0.3234706005160581,0.24974828100209293,0.2570469544524265,0.28633873713964064,0.27532603506870634
s05e23b,208,-21.478832918705162,-22.23872211368436,0.33192810882240675,0.21075863568649145,0.3428957723357973,0.21039976059678056,0.43396557726197216,0.46089834312479,0.46376904804755886,0.4383182978479144,0.19120293202332136,0.1395226709312728,0.17486985133536223,0.11928119696390455
s05e23c,172,-22.00935607750674,-23.046129022829305,0.14543601005957674,0.16463728204861602,0.17370428401388507,0.18383888970571613,0.4106548799727539,0.5073616596002715,0.4399080959654416,0.48765376442068126,0.24853345485724632,0.21630212160868742,0.27444189264698104,0.16464889035101596
s05e23d,141,-20.747897725860803,-23.89068297173441,0.10817525232627061,0.11186634153109494,0.14972884845029547,0.10855436944036127,0.4013369541504481,0.5905277652536903,0.4436300447026776,0.5900143316508922,0.31937704605556555,0.2830671348140236,0.404516176673883,0.2659978865330208
s06e01a,171,-22.345098204910435,-24.613266244429763,0.17669571092137748,0.11453297791958335,0.1791836966666036,0.13362013578344306,0.46351321320452743,0.5023616698981782,0.41985367009251323,0.4765774847547212,0.2215223496192802,0.35394272791201536,0.2202364050605896,0.33246756569661967
s06e01b,202,-22.77695357133957,-23.487831408779446,0.3203087907378124,0.19331646946744133,0.29990896171897613,0.18590178919467684,0.5657915507181667,0.5590473989841622,0.5424958788953789,0.5461422924184482,0.4094811197814956,0.4080461902009704,0.4106400014685326,0.4034650117786491
s06e02a,208,-21.024908770594653,-23.54643138512268,0.24045318025614848,0.2585189273932223,0.27528343623326984,0.2416433478188509,0.38944338113470023,0.5470841031058032,0.4010064305911853,0.5241656920455433,0.2173377088913886,0.2564287386909861,0.19659432371268948,0.24242003830720696
s06e02b,222,-22.21623790194667,-22.292227662043484,0.17460603051502657,0.20195927530487548,0.1500852640061472,0.19781349561426298,0.45054934421151543,0.4311630553630343,0.4103670611251102,0.40018809685495643,0.29230108351001033,0.25434212423676084,0.2638623878064409,0.2555543480545916
s06e04a,192,-20.658007968521563,-22.1154363456027,0.20091837333497017,0.1797504218139436,0.20048794336243847,0.13088934626612386,0.3920636659214673,0.4136777282310069,0.4121330412098037,0.407018105693217,0.09830751793793147,0.13647747013065933,0.12061778403075134,0.14643856821994897
s06e04b,155,-20.873653163287983,-23.44468385188196,0.14439704449536236,0.11666502368983471,0.1859514930913896,0.1387356997725406,0.383629334740832,0.5079245767975278,0.4427554781403032,0.43795078456751396,0.19953963231082097,0.2859505347811686,0.19546493116027408,0.21073558654375954
s06e05a,171,-21.70876058895109,-22.71834086389905,0.2468980123856502,0.23362479687305293,0.18270852583771047,0.21719679842464543,0.5094297719929879,0.38751113359144673,0.4927259189278854,0.38104589904800007,0.23615376118170825,0.18706915968362747,0.2255574309999838,0.19124252370710415
s06e05b,187,-21.00266953381526,-23.675186070872716,0.3022726201416471,0.26806507638707266,0.2703976535344799,0.2978404149364096,0.43938283355520724,0.6268642940043282,0.42305023747494713,0.5412532798328937,0.27263888193026337,0.22476190499361556,0.23487695470267878,0.16337075370729295
s06e06a,180,-21.19258354493229,-22.75794926073265,0.2561035739865292,0.26565588606291657,0.27032200480780033,0.23286967481477125,0.36073947594507283,0.48953142388661885,0.38611451109993483,0.4870166950807125,0.1974418165552284,0.1979867294963291,0.1732294279139468,0.19608231250185437
s06e06b,182,-21.228943189573304,-24.9535592828149,0.08727529922103683,0.09035758601533357,0.06658895053818159,0.14348753951773496,0.30164571631913456,0.22107955982144425,0.32457208150292677,0.20840398857746642,0.15316433616833033,0.1693893650217909,0.1276159105510666,0.16101974020882623
s06e07a,203,-21.182056233758495,-23.477193631623045,0.17888818034728346,0.19322009010898344,0.18181126611451762,0.17881906879947193,0.3389207236286888,0.37189608184770856,0.331035796604241,0.35242767440975187,0.19539529548507462,0.1649392313898827,0.20138672661541748,0.15868326482076486
s06e07b,174,-21.94653870931376,-21.630485013358967,0.2018573008931185,0.2639845007088771,0.2607288228323427,0.2720833098876725,0.2890116467515264,0.17255009993915968,0.2969265256782845,0.1730720780166398,0.2933330984210966,0.27649283094151955,0.2905944534965183,0.26416763255095116
s06e08a,156,-20.491063096653683,-22.84036746832802,0.15530157851171125,0.1615609742918984,0.17271662346964559,0.14537130958053654,0.40733056150920594,0.4422505445004991,0.4280778622143966,0.4437194947712781,0.2116367682238451,0.2824719137503338,0.22629621244203704,0.29716706677814514
s06e08b,172,-20.5635886437599,-21.541092312912394,0.31796609300566714,0.2110679515751853,0.3054016914948778,0.201162708966375,0.3111284956708545,0.3065907503157917,0.31588016188016305,0.27093240917921113,0.2694577932453173,0.14067512727804943,0.23718448642050358,0.14671507247095497
s06e09a,210,-23.078492742242812,-25.026333414266052,0.11975336760443085,0.1182299767981539,0.1338396251279559,0.12614304095848722,0.3325106594385177,0.42946329721965415,0.33000751186621907,0.3758861908736699,0.17550050143246143,0.13704966628467785,0.18731716984206895,0.11766362180526997
s06e09b,202,-22.689815064978927,-23.240807205655578,0.2850944468122643,0.23132342498420244,0.2840749273492563,0.2316489170121391,0.36123873650273824,0.4160311997809247,0.40643172821356616,0.397524843719995,0.1586025854606106,0.12721984219811774,0.13248487840122672,0.13223954768814317
s06e10a,178,-20.65704784739544,-22.269972308219938,0.10282837300290448,0.05172878804333458,0.11003085906334559,0.04486820678723905,0.3528384886291173,0.3738312436050028,0.3154550873722856,0.37985803551935166,0.1724827274669247,0.16608646871390553,0.12499555716054044,0.14939977310126326
s06e10b,186,-20.38263272200469,-21.29172309330968,0.1971953971667412,0.13655309148221137,0.1793950191650048,0.12530166048949967,0.42135992413190076,0.49606023035122626,0.37669695319587415,0.48175014888173706,0.15569664139721923,0.18757346642272332,0.1823590344128113,0.1513082501093467
s06e11a,200,-20.85809548045978,-22.598944892717277,0.21941670604431252,0.2446981190469447,0.20171236556571595,0.2438954225482954,0.4701649147516447,0.5043225314808625,0.42947844629294224,0.48547094297165067,0.11988353660204241,0.2946248724017467,0.14170655334387863,0.29347230458306306
s06e11b,204,-20.774812788898263,-21.686597172985515,0.19235076494790215,0.32123387283914545,0.16738922190703207,0.30424072145922215,0.46383575386434,0.49675568560015043,0.4833801525208536,0.4717897700828278,0.16648745507101936,0.2578595687751913,0.17042752226339833,0.24612096641707784
s06e12a,161,-20.603873527782124,-22.08344401819605,0.06393158900375535,0.023942313444391877,0.060635882805156416,0.003057026928556463,0.35019158654860855,0.4661560578016284,0.400685086423522,0.45262101002289423,0.20748672181860392,0.1406269757269334,0.23025798090793229,0.1537028077572609
s06e12b,202,-21.46349789445595,-20.810051381657953,0.018052019943124265,0.06866693224195426,0.022508799480560362,0.06659040777265464,0.36727055963186617,0.4045808907570896,0.3316346327962727,0.4023873455653955,0.21574619130447162,0.07752211335955636,0.1946374755663928,0.0912693683662414
s06e13a,179,-20.574317097440993,-22.30293447202552,0.18240601225943828,0.205248211744087,0.21910319453894433,0.11078976772108655,0.3495807696187998,0.3990972378021446,0.34260226426245216,0.3945725524558972,0.31033568427765496,0.26294847288614676,0.33227472401914726,0.2787309254983122
s06e13b,203,-20.072186209031095,-22.331713508078032,0.10921729781710145,0.10533606728059618,0.1214832460807332,0.07449974267864766,0.4559538836069339,0.4328830050684093,0.4668384869053835,0.4184818633159532,0.07904492309257598,0.19165503738749012,0.08408315672730811,0.16536452931655513
s06e14a,168,-20.92400621028785,-22.24939696921286,0.1536044502106452,0.1996138360419986,0.22832713185827558,0.211803238767117,0.33134519964822606,0.4275933948903563,0.3800006984704351,0.38457464376924627,0.17365256426956377,0.24059094660553007,0.1531267980353513,0.22927815050161393
s06e14b,205,-20.408729905239845,-21.640675466223936,0.19576105208010822,0.24543378607992342,0.15490146486630438,0.25867785289115997,0.41195506856841585,0.49188193514106676,0.4515085094296521,0.4721208435442364,0.24164898005414295,0.3229324976214688,0.27610955360837547,0.31371188079686196
s06e15a,196,-23.154680605471082,-24.200336756086845,0.24569215486033688,0.26416588561673604,0.1961560553716012,0.22959974447410866,0.40656562536443186,0.4712579172236264,0.40881750119395427,0.4314053251302454,0.20382917644146117,0.24573982827274884,0.19890841894604308,0.19330086716846087
s06e15b,207,-23.355022384989677,-23.27161781164832,0.03113321640971226,0.1586593187600389,0.03664581770342407,0.16044240811760954,0.4988161624328545,0.2894858980284076,0.4586386714105924,0.29958077809618744,0.20320262944353398,0.18842933027547026,0.20092375474653945,0.19298333804876613
s06e15c,212,-24.520268567446003,-24.61524544091191,0.1847292840352598,0.22805650039356337,0.19171386817023003,0.2198196143465694,0.6139833080636743,0.5707621098177494,0.5993934014909176,0.5765211657455228,0.19575767315333034,0.21316699410625664,0.19595171262253866,0.20593516671041678
s06e15d,183,-22.607706670219454,-22.783803305039118,0.12674897437311033,0.08689797012088081,0.1583056133794241,0.08440045184747659,0.3742782413479835,0.28808200560371205,0.4221269322985373,0.2806948882716884,0.2126264714412218,0.14760357749480582,0.13768880659464758,0.15282942388386347
s06e17a,182,-21.431713497631943,-22.686660948220023,0.2748554223701754,0.18853561836715135,0.2294428285107218,0.17304162041743512,0.34652001396393084,0.4676428038820506,0.34236276016389344,0.449337097402773,0.27507877194731817,0.31489482154715437,0.26468926794634434,0.32303231839714464
s06e17b,195,-22.07121222996854,-22.995276452164543,0.22726536828545896,0.22842959696323809,0.2498277552548552,0.24804226486986192,0.49017362934616343,0.38901788360696826,0.49831175131122046,0.3802506655596121,0.3608845115039106,0.379097944447967,0.3120422843420274,0.3474044991534695
s06e18a,213,-20.94402906489143,-22.253587554705852,0.09969048499811295,0.19734730488963306,0.10536696153133816,0.1590018364124179,0.3383567409079657,0.43481524341844136,0.33819683751340673,0.3823608530079338,0.20997351782793613,0.37028830072286995,0.19948383903571554,0.340777520950172
s06e18b,227,-21.639788543316943,-21.11255948396458,0.10986301971771699,0.1414090340906855,0.10008144810837682,0.1278739535125689,0.21256432589987853,0.10765062505811968,0.2065025983576798,0.14112567770110337,0.06451188628544036,0.0430857310051326,0.0646183727251178,0.03943414637466379
s06e19a,183,-20.88651308163207,-24.002892542292884,0.17832977233646022,0.12299157600559511,0.208575788977621,0.06437326564499486,0.23394084686480263,0.22377414174193788,0.2552620499259523,0.2259975782719558,0.1940487605201836,0.15595411456324462,0.16615304826312896,0.20249870026637873
s06e19b,183,-21.14163035428145,-21.833964119436665,0.15263361089899508,0.08245393214224235,0.14967130005007187,0.006914491399003494,0.3080189316642667,0.3154914992792486,0.3073315304437878,0.31721987863918205,0.1384947111710508,0.07482659294411875,0.1408688937775738,0.06952426812865455
s06e20a,176,-21.210564647778543,-22.45118650074964,0.207301193063009,0.26144160522474075,0.22259867807555836,0.2630195055294722,0.49979359142363095,0.5498366117658248,0.46456000233967165,0.5120309145211378,0.2373124248401676,0.263045664464929,0.23150658033222568,0.2227532986103872
s06e20b,209,-20.237984575744058,-22.140582846934397,0.1007022613750196,0.2275792405160486,0.11871024223907155,0.23591252764637385,0.4099424749699479,0.4572657037118939,0.3746150625281177,0.4160185704115242,0.12282520176188742,0.1574144745052233,0.12880778056583644,0.14859804895166884
s06e21a,227,-21.02550411913337,-22.340835753277904,0.15551598350596693,0.10031594640981599,0.15075056489312094,0.07678814232204446,0.33871046818168854,0.24984562540549882,0.33624100272809326,0.20534821148008875,0.07546063995398018,0.08798036984070912,0.06750908978694516,0.08288655814097942
s06e21b,244,-20.81051904883893,-21.870197150790386,0.20275879222178506,0.14817540545461166,0.21581757543330973,0.16027542853731416,0.3564593397158226,0.3356876500839679,0.3305328430330767,0.3232867646593698,0.1901638234800276,0.20853900641250092,0.20102321306192858,0.2121896122160087
s06e22a,207,-20.237899740434294,-23.05409206220501,0.3754173478535258,0.19677719374419844,0.3515105416599018,0.1615390094829823,0.46351197463444377,0.6168011285391134,0.45444414568676117,0.6151984631698153,0.20136651618502777,0.18069464636287327,0.2244023199752888,0.1557869032866738
s06e22b,201,-20.682185381770882,-21.670187061048253,0.18456465946967981,0.14361533002110105,0.16821915179290822,0.12397638589103137,0.3469074859409689,0.3959559392264722,0.36381302842900126,0.36785851446997725,0.2223222169895057,0.0940527198584552,0.191173216672222,0.09795689909959378
s06e23a,196,-20.91366269017727,-23.793468373856495,0.22142934731008715,0.12887438792168462,0.20262048701339275,0.09886416479266401,0.4404868130238415,0.4499465544322589,0.4445610878886947,0.4421728462864664,0.2874125926615972,0.44510389374193154,0.2916592229287186,0.4551884769617603
s06e23b,221,-22.019763781011438,-22.234080695476987,0.1389409981965212,0.09532449974685836,0.12978200417300398,0.09933593345120671,0.2928759751140083,0.318955179146247,0.2487505657667077,0.2599179446725741,0.21874476371533502,0.2739512849510217,0.17701044157643678,0.269940740848892
