episode,category,isc_rTPJ,isc_visual_cortex,isc_auditory_cortex
s01e02a,Language,0.03431566125027101,0.2500826399454564,0.07424301166437006
s01e02a,Logic,0.14433134359665825,0.56434917199948,0.18466017232016788
s01e02a,Identity,0.3154210306463496,0.35864414520862314,0.28851623833331574
s01e02b,Language,0.15560177704245357,0.5160435779453639,0.19152955758054904
s01e02b,Logic,0.12389331157044219,0.333579540628457,0.24806631277633193
s01e02b,Identity,-0.031125900723791688,0.41834697594687914,-0.03744146641502293
s01e03a,Language,0.229228903796893,0.34353420339477864,0.22570145031800118
s01e03a,Logic,-0.007523586410938051,0.45960892179523377,0.16694297066552125
s01e03a,Identity,0.07524238925087941,0.3536051191278034,0.273604581414781
s01e03b,Language,0.35307796857831925,0.5066736870155162,0.23311191109289273
s01e03b,Logic,0.0008077029768150552,0.32274201263920604,0.14333873011852044
s01e03b,Identity,0.3821145438395135,0.7736775556660191,-0.08119297806266557
s01e04a,Language,0.18473743870778303,0.47582678765866765,0.14870399312115934
s01e04a,Logic,0.15951544868925957,0.47100335237182617,0.18709976129737935
s01e04b,Language,0.16657066383955607,0.4872636904130833,0.4309607210522269
s01e04b,Logic,0.13677960851779616,0.3247265824058014,0.18092524819378894
s01e04b,Identity,-0.13585099319335864,0.08151780306914917,-0.04069168509323197
s01e05a,Language,0.1615509143388147,0.35650702148191676,0.1073738961626794
s01e05a,Logic,0.20591583380148112,0.2992367691343267,0.05990144814035322
s01e05a,Identity,0.06375987762161027,0.48636679822073536,0.11343362770673636
s01e05b,Language,0.07170975049553148,0.4076570462274473,0.24440667495299082
s01e05b,Logic,0.13358228382001922,0.318603436496004,0.09675317978400692
s01e05b,Identity,-0.0022472079781720978,0.47433807658737287,0.5169616694254598
s01e06a,Language,0.042447591018334695,0.3942221791742259,0.3464022804702298
s01e06a,Logic,0.13424971872872526,0.4062148810965656,0.3163924942322473
s01e06a,Identity,0.25829672332686676,0.636138183075657,0.2998796853001182
s01e06b,Language,0.1547607226119513,0.5745603639669822,0.34371996478618766
s01e06b,Logic,0.13027663432472164,0.4195951962021567,0.22701731528362576
s01e06b,Identity,0.08081649512133042,0.5105536513446832,0.22577878990981573
s01e07a,Language,0.11467634046883006,0.4024664665026079,0.11083952766387055
s01e07a,Logic,0.19978985071291902,0.44018313353605104,0.09589389781767449
s01e07b,Language,0.15356933531443193,0.5644665896801934,0.15775786005833664
s01e07b,Logic,0.04424357742293733,0.30423251881939556,0.2668730827537194
s01e07b,Identity,0.3399652588950645,0.15428520513226587,0.2332100859525513
s01e08a,Language,0.3455860513610683,0.47183443513549594,0.08396589545956941
s01e08a,Logic,0.08339736729786111,0.2909738170619907,0.07205620862209686
s01e08a,Identity,0.2825813178959629,-0.10673496308855497,0.18698646993833948
s01e08b,Language,0.20976018886785078,0.2350430712562127,0.15422715330394318
s01e08b,Logic,0.09110149262389337,0.28429957414149615,0.11440432084716767
s01e08b,Identity,0.14821786731482892,0.4625178308041115,0.04892906754613196
s01e09a,Language,0.05210445581453115,0.1549228638983832,0.11893219669553756
s01e09a,Logic,-0.03858411118647342,0.16797619273724887,0.12356709756138508
s01e09a,Identity,0.03565349295803617,0.2933636557871993,-0.08205059270409362
s01e09b,Language,0.36285741894889095,0.4444219714769327,0.24463997099301418
s01e09b,Logic,0.11618964775481473,0.40824024445336465,0.1534223633681817
s01e09b,Identity,-0.06269130161504599,0.10705156064591555,0.4073034108995932
s01e10a,Language,0.11055237974166428,0.45901499283699954,0.14387314393255715
s01e10a,Logic,0.14530903717501079,0.26530778645166775,0.12343758215856915
s01e10a,Identity,-0.03291350200328375,-0.14479764584365964,0.35870020914533973
s01e10b,Language,0.02004985235556066,0.34618028862547545,0.1709331781223671
s01e10b,Logic,0.12063678722836162,0.32873422328843754,0.11934545732087647
s01e10b,Identity,0.0967789751579871,0.27314419460522243,0.18325368364177255
s01e11a,Language,0.2723701352326298,0.3013231097880702,0.05166126820730247
s01e11a,Logic,0.2564651087427162,0.3540417234420494,0.10951990757911394
s01e11a,Identity,0.26081983538267445,0.06513237152007298,-0.03381830163928957
s01e11b,Language,0.238261601808847,0.30237134556004813,0.10065586258695851
s01e11b,Logic,0.09743083881211438,0.2067997099238553,0.1653536182645158
s01e12a,Language,0.07848696645119149,0.481771726546606,0.23153822816892622
s01e12a,Logic,0.2620635771451883,0.381953814453007,0.14837338392841812
s01e12b,Language,0.18202902754680197,0.423861572575015,0.2331309592526762
s01e12b,Logic,0.06338915072736505,0.41616869595015465,0.2199939507572144
s01e13a,Language,0.18142050631712356,0.4539122406033644,0.13983520307779665
s01e13a,Logic,0.11732978840896723,0.3194992233346403,0.03395339744564551
s01e13b,Language,0.08877914092648144,0.380769756853704,0.146791826977645
s01e13b,Logic,0.1367396603759523,0.37614197270250055,0.018799000644888538
s01e13b,Identity,0.16028267232512472,0.5570904907134697,0.0669331430042081
s01e14a,Language,0.26737535602500495,0.2208835702740782,0.12565142848202746
s01e14a,Logic,0.1832512185553631,0.3867911553497992,0.18957652207217976
s01e14a,Identity,0.26893457118404257,0.46049832747691316,0.11281127531918145
s01e14b,Language,0.08960022481325425,0.3572505145763669,0.10036623928695448
s01e14b,Logic,0.07537098984961589,0.27980136811492656,0.07012351789006764
s01e14b,Identity,0.012009489717657121,0.42394868577391653,0.21424729029460102
s01e15a,Language,0.13284077893821059,0.3859858923650254,0.12893245961010566
s01e15a,Logic,0.03134464155679333,0.43539668125515685,0.18735820702309158
s01e15a,Identity,0.11683717135496685,0.6860523063299594,0.07538408882794975
s01e15b,Language,0.054489702679268025,0.3008659886057741,0.19011991298958317
s01e15b,Logic,0.1458894194815369,0.2883276708333514,0.2644940685520406
s01e15b,Identity,0.02599931211915135,0.3233130094754349,-0.02855893547987336
s01e16a,Language,0.17337085407327432,0.39914456059683007,0.03470101180780994
s01e16a,Logic,0.02621436013788515,0.34758037263171665,0.060659841745366594
s01e16a,Identity,0.030224609310139983,0.24403351453685573,0.11960061304588
s01e16b,Language,0.09688188871503745,0.3694891425301499,0.133628447459066
s01e16b,Logic,0.06488251575256292,0.34141651978104565,0.19569140304060237
s01e16b,Identity,-0.010883329627975077,0.3396829939683919,0.014349384053102016
s01e17a,Language,0.006068848441949141,0.5248123066040257,0.20326435563676284
s01e17a,Logic,0.14866052737780716,0.4322694331125368,0.2596966889970012
s01e17a,Identity,0.11460798857749414,0.50756572148852,0.08115490916323297
s01e17b,Language,0.013211963762392859,0.44904019555563796,-0.07266812703319141
s01e17b,Logic,0.23485815744006902,0.5483845745397744,0.2755301889334496
s01e17b,Identity,0.3736179280629999,0.5762923184442896,0.37111723745345415
s01e18a,Language,0.14771437087524172,0.182812845283531,0.038364981566217954
s01e18a,Logic,0.05941867019924477,0.28900965145341906,0.14054592095999976
s01e18a,Identity,0.11062419644003757,0.3674808880471692,0.01789064802540423
s01e18b,Language,0.13552910190902426,0.4336789636280107,0.24577159945111723
s01e18b,Logic,0.014696179904625415,0.3156809962340828,0.14651071874746405
s01e18b,Identity,0.08966094889670455,0.2803004030534471,0.20489540625783573
s01e19a,Language,0.18407934767766734,0.40446185919185756,0.25721322254361145
s01e19a,Logic,0.06648320814222795,0.4261218020886341,0.13999963212690988
s01e19a,Identity,-0.17018767691441128,0.33989973056279776,0.06569451616059362
s01e19b,Language,0.13181123812822645,0.43713700733889943,0.10703423983874942
s01e19b,Logic,-0.019250165148941067,0.3937447095186917,0.20767947170559423
s01e19b,Identity,-0.03537217403877454,0.11754474219156565,0.19126897250364708
s01e20a,Language,0.034833659768827956,0.1029876440244691,0.0619367663335876
s01e20a,Logic,0.09914666176954623,0.39372389126060736,0.16807481977983205
s01e20a,Identity,0.16043102540930596,0.04038173802974465,-0.01160380856093409
s01e20b,Language,0.14317489125407692,0.44840998255834963,0.2665791793923373
s01e20b,Logic,0.1977362206279837,0.5160889770952221,0.1623909075517752
s01e20b,Identity,0.10212245670643494,0.4760930195211908,-0.010470309160217873
s01e21a,Language,0.06791457777322774,0.4249844958005713,0.20242438123822218
s01e21a,Logic,-0.05683297809707991,0.4691824161265414,0.24493572327338312
s01e21a,Identity,0.060175982396386975,0.4914419409925253,0.04033464549488171
s01e21b,Language,0.11476698881675039,0.5736063941815268,0.27890159167866024
s01e21b,Logic,0.1263972694942194,0.428296169972977,0.17509745190600876
s01e21b,Identity,-0.13288684397137263,0.13880987843933165,0.08595214955110146
s01e22a,Language,0.10978839142901287,0.4371323980337635,0.22972599880686514
s01e22a,Logic,0.06505096105251246,0.39260972373486247,0.14040219199876094
s01e22b,Language,0.286877014967727,0.40743040403377745,0.11693299562894209
s01e22b,Logic,0.15626974020917805,0.4224126914115942,0.2397036166501829
s01e22b,Identity,-0.04152519757546475,0.45297945090705477,0.021278044385323377
s01e23a,Language,0.3518876337725912,0.4759931233999646,0.14597299318747148
s01e23a,Logic,0.20083366798208993,0.360274503534451,0.2334104723221497
s01e23a,Identity,-0.2568497237569458,0.046721129135140226,0.15448740253380083
s01e23b,Language,0.18507048604880905,0.5432756962884714,0.15138457491068535
s01e23b,Logic,0.04279158413500414,0.3246005892819032,0.329334176542633
s01e23b,Identity,0.0996770885613207,0.4350422494852382,0.16719337387267932
s01e24a,Language,0.25064788881217304,0.4562779352034067,0.1542939641670225
s01e24a,Logic,0.10866744126917065,0.27978444845521633,0.13775648235423446
s01e24b,Language,0.12088026598686048,0.43149839920334326,0.14453318912404084
s01e24b,Logic,0.20948253382334436,0.46540981108258334,0.2610026175577793
s01e24b,Identity,0.4249824240164108,0.14181485169892682,-0.04315133279387595
s02e01a,Language,0.13972483096571858,0.3772914542444077,0.08659554829151457
s02e01a,Logic,0.32016138043305625,0.3899484813903454,0.19371544669992288
s02e01a,Identity,-0.09962349566856654,-0.008724534056413255,-0.05260285328560874
s02e01b,Language,0.04102828309826414,0.31502130159888936,0.23767813489687972
s02e01b,Logic,0.13590709198499398,0.33816007099027495,0.21750642440612997
s02e01b,Identity,0.16613711412419233,0.2944243415515788,0.36467471446896466
s02e02a,Language,0.08077684439358446,0.4557965857545092,0.2449526947814427
s02e02a,Logic,0.17584823942872607,0.38763096975461925,0.09254684658498369
s02e02a,Identity,0.20815584236299164,0.2193572397104682,0.06530063138963414
s02e02b,Language,-0.04135534250768481,0.3567305519112716,0.18712151278315195
s02e02b,Logic,0.07286182956935208,0.32767352924362064,0.23727448891626834
s02e02b,Identity,-0.0976742174237184,0.13237362165445823,0.26867100781081277
s02e03a,Language,0.1164914761669343,0.35383673758271666,0.18357805555675108
s02e03a,Logic,0.1336292488949042,0.4127240778341312,0.1396935741362135
s02e03a,Identity,-0.014366751323323315,0.18930994484615649,-0.1534973419002459
s02e03b,Language,-0.043219016782126925,0.32908150884427023,0.3275011895194338
s02e03b,Logic,0.20683751471467451,0.3461708286950395,0.19165920019783833
s02e03b,Identity,0.1952384939503274,0.19960350138943195,0.10581977392431237
s02e04a,Language,0.030637214034117854,0.3356800952227689,0.14141294086956635
s02e04a,Logic,0.17554389782189675,0.33087727378229265,0.2037595063750842
s02e04a,Identity,-0.13187640646512303,0.48946157474710317,0.18889859929604336
s02e04b,Language,-0.15497611055178703,0.4089892326926576,0.1542536954533919
s02e04b,Logic,0.040861225748679106,0.44665287814818866,0.1381837188929311
s02e04b,Identity,0.020803794966930887,0.3476248250085569,0.19192073841856497
s02e05a,Language,0.10051355845820438,0.06149439848846371,0.1877005879619995
s02e05a,Logic,0.2181158213696964,0.30446380417775143,0.17350213861289496
s02e05a,Identity,0.09873486964270306,0.37995439082107607,0.11312263665101942
s02e05b,Language,0.05556500184865734,0.4532761018314763,0.2159521779937024
s02e05b,Logic,0.12045782948564838,0.3478667380866621,0.16009747512661285
s02e06a,Language,0.19855371552123915,0.39934413208879976,0.056064458830887315
s02e06a,Logic,0.2836480430697595,0.3086801433751067,0.13702899446447656
s02e06a,Identity,0.1501056447401425,0.5992383905942723,0.25489657077816646
s02e06b,Language,-0.008276227394769178,0.20396356201410248,0.13745564923141373
s02e06b,Logic,0.18570043102457187,0.36925357935790476,0.14733177142115586
s02e06b,Identity,0.3754065930100039,0.2382159151013599,0.13880508614260348
s02e07a,Language,0.3345952263409086,0.4611473891916114,0.1298930485910085
s02e07a,Logic,0.3533381619763134,0.4198153519926881,0.40482365878350063
s02e07a,Identity,-0.04912266630837344,0.22985419642029603,0.1727164677591548
s02e07b,Language,0.20977643315941116,0.4894593712212861,0.16869967546294395
s02e07b,Logic,0.18911606745501244,0.43907367020388066,0.17314919770740014
s02e07b,Identity,-0.03721311966763291,0.5713436438193612,-0.03043930730673126
s02e08a,Language,0.1287535406878426,0.4129688026828022,0.09254841233586696
s02e08a,Logic,0.1613683834672419,0.47632511617920265,0.2541600959562
s02e08a,Identity,0.11647459432652568,0.21411660215366987,0.17709496453536347
s02e08b,Language,0.40596858348609,0.4667297573378834,0.19201990037873706
s02e08b,Logic,0.32018834421037745,0.3926091976698601,0.244561684653944
s02e08b,Identity,0.3772442396132467,0.2629667534500382,0.1929037425490198
s02e09a,Language,0.023763120703012817,0.41254261544500964,0.2109417603138203
s02e09a,Logic,0.10189822805889982,0.3436970694791222,0.09862886971245287
s02e09a,Identity,0.1161408336074986,0.6390878368039058,0.21518697481769866
s02e09b,Language,0.03148914785239402,0.385910711625918,0.16465226730236715
s02e09b,Logic,0.09306234299451664,0.36992455653042905,0.17252045622820888
s02e09b,Identity,0.17839730956834335,0.10087254262520222,0.21866440597441061
s02e10a,Language,0.09058083114770797,0.4208865451337731,0.20990099090669753
s02e10a,Logic,0.0985009244431811,0.3087785686933211,0.16716479523882108
s02e10a,Identity,0.021430770417526085,0.17421125619321795,0.20385770419982407
s02e10b,Language,0.07267865278367257,0.46585645319783664,0.14339721714220502
s02e10b,Logic,0.08973602920702356,0.3935826147229126,0.08260360903629689
s02e10b,Identity,-0.04363253370474346,0.6706448341571577,0.25391036604853107
s02e11a,Language,0.14112508077332175,0.48907895880361085,0.391005501794693
s02e11a,Logic,0.0535897831854075,0.3522510113385273,0.12411214367641309
s02e11a,Identity,0.09458442968876742,0.3378273295625573,0.30843095658480585
s02e11b,Language,0.11218808082160163,0.37031117319720047,0.19543910150636487
s02e11b,Logic,0.2954220810372726,0.3897840195427924,0.22568367858528385
s02e11b,Identity,0.05854122844841277,0.3018969399122268,0.4540792770980287
s02e12a,Language,0.1336530014575672,0.4635496317730587,0.3771400360844564
s02e12a,Logic,0.16827252090081846,0.4878365461209148,0.3317826117954215
s02e12a,Identity,0.578227713428087,0.6809822039067285,0.47309531759963863
s02e12b,Language,0.1411148046367948,0.5885753278996332,0.42985384734812543
s02e12b,Logic,0.1618365774215796,0.3758210085690199,0.34529544959416847
s02e13a,Language,0.12116553253904648,0.4131313782890133,0.3228527126158872
s02e13a,Logic,0.22358000656070012,0.43566416243970957,0.37146856227507374
s02e13a,Identity,-0.033378000699363634,0.38326409129829503,0.19865876713278616
s02e13b,Language,0.1444798433270765,0.47835197845722793,0.40028253459180685
s02e13b,Logic,0.274666439146206,0.38309950541753107,0.2962853766892528
s02e13b,Identity,-0.028918243882243597,0.10760374939978701,0.3586392785766898
s02e14a,Language,0.09497562177425499,0.245413243538514,0.34381746419245274
s02e14a,Logic,0.33312771263894636,0.5578803512091597,0.22852524814286326
s02e14a,Identity,0.03475541217228779,0.1039562452987098,0.26617938385214485
s02e14b,Language,0.3284501667935993,0.30553562756335945,0.41315702380307845
s02e14b,Logic,0.4389071621012281,0.45039863208858405,0.2510640982032139
s02e14b,Identity,0.3205243171313576,0.418966911290409,0.43430817306506553
s02e15a,Language,0.21052663145824066,0.3121657364764843,0.2850546610244991
s02e15a,Logic,0.23848015053915073,0.531411083513572,0.20220993558163144
s02e15b,Language,0.22105223218531786,0.47691334828326526,0.322033155612693
s02e15b,Logic,0.2571790699855177,0.398422907490656,0.2772300141031661
s02e15b,Identity,0.11381909965875604,0.4568836826631864,0.17605476373069995
s02e16a,Language,0.3197676839409948,0.5795217851690063,0.27738898204755064
s02e16a,Logic,0.1787210062397896,0.5211167534668885,0.20203936975477632
s02e16a,Identity,0.24565777338795083,0.4471288947960284,0.36678938239962294
s02e16b,Language,0.4255890302929189,0.4288012080804127,0.2933421748751946
s02e16b,Logic,0.16522782766475738,0.29241351278488287,0.37007347052411815
s02e16b,Identity,0.24597816828302022,0.6792619854202883,0.3658827478164146
s02e17a,Language,0.22544684224540223,0.6362410244104812,0.2891948634739456
s02e17a,Logic,0.24204767008997163,0.4191495649309096,0.20675157234623434
s02e17a,Identity,0.06751797329780442,0.2389121810305516,0.24683422518297393
s02e17b,Language,0.05291591966204776,0.38057606209522626,0.27778773170085286
s02e17b,Logic,0.10951731547867098,0.3360784294659241,0.2677815958707754
s02e17b,Identity,0.33736942256306696,0.3271100248436615,0.41512205054271134
s02e18a,Language,0.08753442396598626,0.5072660010470794,0.04284978127757073
s02e18a,Logic,0.022026311391248887,0.32295926159608984,0.17174432054201835
s02e18a,Identity,0.11373976089467047,0.16473366504960477,0.414560409147743
s02e18b,Language,0.2479975296775719,0.3646132592250925,0.14136180075777008
s02e18b,Logic,0.18667536308396937,0.4383600616331882,0.22693023516097224
s02e18b,Identity,0.05014717519183997,0.48300712764110515,0.12483690335100757
s02e19a,Language,0.16133335390054998,0.45382895673639695,0.11263892603580768
s02e19a,Logic,0.13035068766727578,0.339225524715016,0.30240569294508796
s02e19a,Identity,0.05491237348500011,0.6386756530559322,0.16174686279815073
s02e19b,Language,0.34958787310464734,0.49801533575020485,0.15861636706468565
s02e19b,Logic,0.2828576474390239,0.3652390341714291,0.3158465750668241
s02e20a,Language,0.10181999636255123,0.4729592876383166,0.088106453137156
s02e20a,Logic,0.21692391712419445,0.28468987218475184,0.12953873715357941
s02e20a,Identity,0.019209574244481307,0.11961229350851162,-0.07320766955029462
s02e20b,Language,0.12685575913926012,0.39706215531208894,0.2281884161502251
s02e20b,Logic,0.13244478429748804,0.4907137343847618,0.1606735079069251
s02e20b,Identity,0.18005351059804678,0.29747104830201226,0.1809781648585268
s02e21a,Language,0.20636209185142151,0.4320882460911358,0.2939788242442024
s02e21a,Logic,0.10030811602195194,0.47973136611512784,0.17284424067146278
s02e21a,Identity,0.06513503035935808,-0.0494111588957755,0.23354839351889714
s02e21b,Language,0.16481694428659419,0.401351422527461,0.3836905751674528
s02e21b,Logic,0.0556125019178649,0.5024852866231418,0.24202955196588874
s02e21b,Identity,0.003734036833088622,0.33490121431219305,0.5061253714541659
s02e22a,Language,0.14911647296837133,0.31417219196902185,0.1292996462412186
s02e22a,Logic,0.2553888758845948,0.2992802309554156,0.20576127972338742
s02e22a,Identity,0.5053982520235732,0.5357950840118858,0.056484780913148125
s02e22b,Language,0.3127189254448937,0.5038157825716331,0.23336780543081773
s02e22b,Logic,0.21732944514593025,0.5402398606165283,0.2478711638743203
s02e23a,Language,0.3025248212632267,0.49604509194267804,0.044230615927912414
s02e23a,Logic,0.13471879756009966,0.5330521717535031,0.2922370593067862
s02e23a,Identity,0.3469883655498786,0.2904135335978132,0.008678870512068277
s02e23b,Language,0.05353079936907518,0.3824197050326676,0.14121603237273356
s02e23b,Logic,0.0010666635244919176,0.4360437534631146,0.12776376507108514
s02e23b,Identity,0.13822559945233018,0.37528127990039567,0.14573594737089393
s02e24a,Language,0.18608764172846914,0.40706290319900856,0.16224717628152138
s02e24a,Logic,0.028477246372219104,0.399722864119943,0.13827385493615393
s02e24b,Language,0.08626093922858334,0.2822316336267504,0.08293196306435117
s02e24b,Logic,0.10001834261351605,0.35036963755613254,0.1348352367848051
s02e24b,Identity,0.11000562397679343,0.38190256110994364,-0.009928252336844134
s03e01a,Language,0.1931505428248834,0.4147261223595539,0.28379093088890894
s03e01a,Logic,0.17160755987870188,0.4164131117200252,0.27252138211816757
s03e01a,Identity,-0.11171336093307821,0.404794929942038,0.09746360390517371
s03e01b,Language,0.07473406282560452,0.25283109539165977,0.1473101778671626
s03e01b,Logic,-0.03952778439759336,0.35684736859060656,0.24183311889156042
s03e01b,Identity,0.03863785008567199,0.3251781121284354,0.11113991484131447
s03e02a,Language,0.1757915448757044,0.4050891292849588,0.08160075570030782
s03e02a,Logic,0.061565838264600915,0.39397343149230085,0.16387223243737056
s03e02a,Identity,0.1156848905181056,0.0205639339705266,0.08852252694033745
s03e02b,Language,0.1710558605198944,0.1013846099895514,0.09805875002643893
s03e02b,Logic,0.16463049274971453,0.3308396366641972,0.21336294635894337
s03e02b,Identity,0.4595615351562716,0.2906293245101195,-0.014283626114497993
s03e03a,Language,0.28382652078625986,0.3679501969508749,-0.03885239294692722
s03e03a,Logic,0.25051454014040375,0.5635623710889269,0.06719824400440581
s03e03a,Identity,-0.10885642179078736,-0.10545716849995068,-0.008392732760020588
s03e03b,Language,0.4699006638028623,0.4268611593791381,0.28021966296919704
s03e03b,Logic,0.23671337075525375,0.2852355312702996,0.17192347387529447
s03e03b,Identity,0.00014134813038222763,0.16435966265835295,0.15521674506407718
s03e04a,Language,-0.0351599308979974,0.3064315081885959,0.2740054146072371
s03e04a,Logic,0.25877649251932966,0.3963969134074455,0.16831107486329241
s03e04a,Identity,0.08590388849214936,0.19805132904379877,0.2569871485449141
s03e04b,Language,0.21295511186132873,0.3195277836847145,0.14489314986595447
s03e04b,Logic,0.014944969916984538,0.3065889017890712,0.14853267131377426
s03e04b,Identity,0.07489970926753138,0.4998169298167496,0.30228816669117914
s03e05a,Language,0.12315117936250917,0.3063642086750967,0.374494551349044
s03e05a,Logic,0.13692369198816803,0.33514976425592796,0.07507769349214853
s03e05a,Identity,0.2644264618325928,0.18318475377328372,0.30237839719972376
s03e05b,Language,0.11295803056511607,0.5039252489109179,0.4195506863013599
s03e05b,Logic,0.11047164917184725,0.2795475606589343,0.06522292329329489
s03e05b,Identity,0.1565666050689387,0.49187399886702327,0.3851804464212925
s03e06a,Language,0.2909194042478751,0.5510234935716238,0.39195843483839665
s03e06a,Logic,0.21766609761466615,0.40238266023717495,0.10413192183112502
s03e06a,Identity,0.1603816810623636,0.25171859030648297,0.32823406942540684
s03e06b,Language,0.06020395058577375,0.3091742132944306,0.11066967080985152
s03e06b,Logic,0.13081645028661523,0.42657129548411127,0.16097246412373709
s03e06b,Identity,0.22061058653904428,0.35332636174220894,0.1028024025740228
s03e07a,Language,0.14053539558263958,0.530677349802645,0.22293023844056523
s03e07a,Logic,0.12676315531495655,0.44606880729494947,0.09933712068284438
s03e07a,Identity,0.1982805741052057,0.3504472175904196,0.039186545718375466
s03e07b,Language,0.08311397052006776,0.39496102203683875,0.2977546934657266
s03e07b,Logic,0.2860295722698393,0.5058136121748419,0.27474022997286085
s03e07b,Identity,0.2811911452074583,0.33476662672430885,0.3207592973182372
s03e08a,Language,-0.046364025901486895,0.2621576231115185,0.1604360108913537
s03e08a,Logic,0.09532267540499091,0.3556003945710888,0.17016265000813505
s03e08b,Language,0.18421310841651106,0.350029421297335,0.2821350828088851
s03e08b,Logic,0.23600826102008018,0.3563234147610042,0.3447608506575521
s03e09a,Language,0.1570200879266907,0.41049910334584166,0.11218443711906691
s03e09a,Logic,0.16831543015830205,0.35478350960554933,0.05949996195306648
s03e09a,Identity,0.2815787041763371,0.12433297069660876,0.12855480817368073
s03e09b,Language,0.4336349982167436,0.3501846572532228,0.1730080629196241
s03e09b,Logic,0.18028129912292257,0.2699961680191027,0.291166554222569
s03e09b,Identity,-0.03966019098517932,0.14371197160081134,0.17447160346705512
s03e10a,Language,0.07467106054916413,0.4147046017167489,0.23313886606235676
s03e10a,Logic,0.1687900424548451,0.3967964975232965,0.08327512928038665
s03e10a,Identity,0.11684336165119057,0.08843274441379141,0.32012373445698544
s03e10b,Language,0.15315202299076616,0.48787686120883467,0.06397963330913008
s03e10b,Logic,0.10023437018103408,0.45206130626151847,0.08132268684286248
s03e10b,Identity,0.11531958349587379,0.5526414868809126,0.1516675926664428
s03e11a,Language,0.34411402034552613,0.36725730058587175,0.04003029594994357
s03e11a,Logic,0.14611869457840845,0.30299224839891736,0.11892947656262975
s03e11a,Identity,0.01377106492137222,0.17957334899999433,0.2497263298643915
s03e11b,Language,0.2171100732978015,0.29639698582228796,0.249826461514063
s03e11b,Logic,0.028136721963109776,0.4540853290369002,0.26728515164898653
s03e12a,Language,0.20570871657979528,0.3408456665782737,0.13152066867934134
s03e12a,Logic,0.08931614103301444,0.23032652328464798,0.28503618466393693
s03e12a,Identity,0.17212566883045344,0.33655120476647055,0.09395056137543405
s03e12b,Language,0.2684006797615404,0.40283628029965657,0.28031714514843936
s03e12b,Logic,0.04316004104850418,0.4407249005044939,0.21333810598062997
s03e13a,Language,0.4866230062414117,0.41649445937636614,0.1005784356596977
s03e13a,Logic,0.15404656645472906,0.3698010028780782,0.11092779914912644
s03e13a,Identity,0.25808051026872086,0.44575208130567967,0.06812407096501048
s03e13b,Language,0.34566293631781914,0.47658858013524547,0.19288643100826666
s03e13b,Logic,0.2874851915170396,0.34982585901064017,0.17496282857275802
s03e13b,Identity,0.09741008969404734,0.07656368187468746,0.2067258419749268
s03e14a,Language,0.07376429816210522,0.3944009512961191,0.1152182493089544
s03e14a,Logic,0.11507865609994028,0.36171737566501005,0.13844644414006466
s03e14a,Identity,0.3299538684455744,0.6115038430885881,0.19709074587505673
s03e14b,Language,0.3683901442725795,0.3720434577212493,0.2029868977622047
s03e14b,Logic,0.2188899178437589,0.5173277673795605,0.2207386297180508
s03e14b,Identity,0.25169017182263537,0.3752540718101869,-0.019683066024783494
s03e15a,Language,0.12229554410863297,0.370721740375957,0.18547137702333993
s03e15a,Logic,0.15337796596049283,0.4982075425293269,0.1536580516255488
s03e15a,Identity,0.37208901627485425,0.39077649669730685,0.09331036510260293
s03e15b,Language,0.02800404462569854,0.5346442405764515,0.2850743427842736
s03e15b,Logic,0.22068165028180517,0.44949502056174695,0.1341518867038787
s03e15b,Identity,0.3252307609812735,0.3098374086775216,0.04218190710016487
s03e16a,Language,0.21106447875034398,0.4478650728111962,0.28905392373682465
s03e16a,Logic,0.2703196681594857,0.528488766117971,0.12450437224253648
s03e16a,Identity,0.287757486719523,0.3277294489797942,-0.08119207757865682
s03e16b,Language,0.30292893064779364,0.6290154360082821,0.2009330826623339
s03e16b,Logic,0.14114134477903453,0.4379801641175827,0.1898625293014481
s03e16b,Identity,0.21357804012929174,0.32864850881725166,0.05860322974129636
s03e17a,Language,0.27527522112297403,0.49533916949506,0.21107247625980985
s03e17a,Logic,0.17632455698116808,0.21727372592616045,0.0926582126206757
s03e17a,Identity,0.4132959223405706,0.39451727090154814,0.39421824094295804
s03e17b,Language,0.06462728182207306,0.3702964160989119,0.37334374090400524
s03e17b,Logic,0.23514161453844043,0.44009516577567975,0.2390143098420815
s03e17b,Identity,0.17786334387056044,0.36962828295691824,-0.07123025078542357
s03e18a,Language,0.13053282020364423,0.2536210061651376,0.0120732601023771
s03e18a,Logic,0.1506313768352487,0.43769035199360484,0.10709671284619497
s03e18a,Identity,0.40253643520285903,0.5320674612953995,-0.10327762867449852
s03e18b,Language,0.07302271913833139,0.45942490265933866,0.1306520843085976
s03e18b,Logic,0.060326151826997444,0.37478304893402936,0.1842761958744433
s03e18b,Identity,0.18896334267304013,0.2262924752207721,0.16294618781421935
s03e19a,Language,0.18470034657922577,0.3508248200800346,0.14219955971461837
s03e19a,Logic,0.1624702143520653,0.2638222596918934,0.16616017840476038
s03e19a,Identity,-0.06305026527943776,0.2854548590636663,0.21145438020008656
s03e19b,Language,0.1684259294991152,0.52907881195409,0.06312568811004533
s03e19b,Logic,0.23789031426610377,0.3956390177349547,0.0688367796995124
s03e19b,Identity,0.11609218993653177,0.23274663453233732,0.016999726520881445
s03e20a,Language,-0.012730610867777546,0.12498875129500886,0.07220127370743042
s03e20a,Logic,0.1489117668116302,0.3335715320791636,0.12207578392363662
s03e20a,Identity,-0.13617070692920683,0.2790454604613745,0.20843629893668789
s03e20b,Language,0.12549784263473238,0.42635887969615877,0.24915742691587903
s03e20b,Logic,0.12180048582544008,0.23475318352222074,0.16648929257726128
s03e20b,Identity,0.5213434889214461,0.37272256258213216,-0.05305805282210469
s03e21a,Language,0.00659348543143809,0.39842942650329766,0.015104114654190185
s03e21a,Logic,0.1091533293061487,0.40094930797829414,0.33041119046821404
s03e21a,Identity,-0.10887187961656823,0.3174480225899114,0.03932013787984697
s03e21b,Language,0.4120152687145164,0.33757118879021714,0.41172358418758176
s03e21b,Logic,0.311789176239017,0.35826504946353793,0.19811487515786538
s03e21b,Identity,0.27646802918224056,0.48505875938618653,0.12485697118101857
s03e22a,Language,0.27248628195222896,0.2916013703705376,0.21922549615416
s03e22a,Logic,0.1497832051504389,0.2880528372595818,0.18283535964764527
s03e22a,Identity,0.055345733477906535,0.1967238004679638,0.6016024600891475
s03e22b,Language,0.3477518261371338,0.4526481228152584,0.29125908765305775
s03e22b,Logic,0.3270132960031066,0.5460677801127686,0.4011337172430687
s03e23a,Language,0.3590765846779858,0.13296874350059842,0.26810111574306644
s03e23a,Logic,0.3003319461828446,0.31977673763626685,0.20079479342553685
s03e23a,Identity,-0.08890364849369962,0.44379628201040755,0.22574800972914563
s03e23b,Language,-0.01997168925454851,0.1729560544066037,-0.1765581695064923
s03e23b,Logic,0.07035326001017818,0.2790333357495524,0.1179124058152133
s03e23b,Identity,0.03815695538498124,0.5288537477407117,0.293064826224831
s03e24a,Language,-0.03556009293819191,0.34915855082460184,0.19478922944344634
s03e24a,Logic,0.1503625063291496,0.33418868745585334,0.10491513207679325
s03e24a,Identity,0.3088476212420037,-0.043548279749048784,0.32329342261025457
s03e24b,Language,0.20678859005062855,0.3725886417732824,0.08632931483896683
s03e24b,Logic,0.055211360951091255,0.5355862375446977,0.22920563633964217
s03e25a,Language,0.14287234764894027,0.29499773609514207,0.2261921520081064
s03e25a,Logic,0.020194571712371566,0.3115661746768283,0.055843547563023066
s03e25a,Identity,-0.023117587138889673,0.45666066073651645,0.05091382652751426
s03e25b,Language,0.07509767660215895,0.5378445357368135,0.09998551454110494
s03e25b,Logic,0.03933798570876313,0.37786145573414354,0.060487412497030914
s03e25b,Identity,0.1820095959363485,0.42613792202595135,0.025041453710810218
s04e02a,Language,0.2075670692985119,0.2630303140725248,0.04692999157195197
s04e02a,Logic,0.004343585377331839,0.3780819831231678,0.26276608983660327
s04e02a,Identity,0.17060686480618345,0.4079176173706372,0.09350950042077678
s04e02b,Language,0.33550739880343405,0.3182301838702116,0.11242079293664259
s04e02b,Logic,0.2147244462384366,0.4323195608879716,-0.015164639200895252
s04e02b,Identity,-0.2569229281734852,0.4364054237726198,0.19342192864784713
s04e03a,Language,-0.08136869057873376,0.30801844024874114,0.06688291739062567
s04e03a,Logic,0.0023618646991583375,0.3365638218479605,0.28695034511119893
s04e03a,Identity,0.2659212491971538,0.07432192837416336,0.04010015566064334
s04e03b,Language,0.35835026772408346,0.479646073695757,0.18121734029801576
s04e03b,Logic,0.34220183012151323,0.46231821313957533,0.17254875792161983
s04e04a,Language,0.22055000890484897,0.46109310451947216,0.16762864340354378
s04e04a,Logic,0.0762102292424372,0.30077125785880604,0.1551365364468318
s04e04a,Identity,0.2961294897038614,0.1907174250374699,0.07749778373520654
s04e04b,Language,0.12799294516956475,0.4251629393277596,0.22872559877890927
s04e04b,Logic,0.08089519108389434,0.4488693766289757,0.13096274822043977
s04e04b,Identity,0.13339150215926884,0.4399614862027738,0.5233369492029843
s04e05a,Language,0.20737575430891245,0.5942954781749968,0.26150955024769357
s04e05a,Logic,0.27188125608300157,0.46099787162249806,0.2801307153331488
s04e05a,Identity,0.3801712454643574,0.4716759893471139,0.05871293054472627
s04e05b,Language,0.433646158890542,0.4707445825688887,0.2852781382494612
s04e05b,Logic,0.1528520647447783,0.3951102635400064,0.1647091253524112
s04e05b,Identity,0.2190619334911089,0.39205660323164376,0.202818907707656
s04e06a,Language,-0.003262517888448437,0.4556690004451724,0.3168043958865452
s04e06a,Logic,0.16115464696845577,0.4605525243980475,0.23199493883235045
s04e06a,Identity,-0.04948429285350884,0.3327019005181803,0.07170054308767763
s04e06b,Language,0.01908748219273268,0.4208472740338065,0.12916907765296523
s04e06b,Logic,0.1782602477624412,0.4130864171159625,0.1907096989909097
s04e06b,Identity,0.5088867089292022,0.2720219787196366,0.1812170452970652
s04e07a,Language,0.11427212150257281,0.42224184871735077,0.1358500861716275
s04e07a,Logic,0.20263433274420342,0.46323428002383027,0.15561400869557848
s04e07a,Identity,0.010560338139839453,0.21750133014322023,0.1101977464293978
s04e07b,Language,-0.02844587124902141,0.40391357478314216,0.09858318399676995
s04e07b,Logic,0.025788874135808448,0.3303022640136982,0.09885714331584705
s04e07b,Identity,0.4611156204097559,0.4771158495976824,-0.012190178138129643
s04e08a,Language,0.04332326013391827,0.4272825681201626,0.15056087640609928
s04e08a,Logic,0.3032610274567564,0.3477092540316047,0.3653630070304447
s04e08a,Identity,0.18231394549917498,0.3224979013082128,0.2938223861890413
s04e08b,Language,0.014837570990760005,0.4548540830446579,-0.04800520893933263
s04e08b,Logic,0.044685006804533904,0.4820268794813752,0.17108781551503707
s04e08b,Identity,-0.008089011638360594,0.5154234342505416,0.1032307218047186
s04e09a,Language,0.2893669827799359,0.5085215160485425,0.1367633968878965
s04e09a,Logic,0.22951109401237677,0.3811341597647597,0.20124492825960982
s04e09a,Identity,0.12482244997499632,0.4751974935897371,0.22550269146839375
s04e09b,Language,0.08927551364018016,0.4516018297754487,0.3388309299682201
s04e09b,Logic,0.1308198641672714,0.45825121173034106,0.17179001865012647
s04e09b,Identity,0.1616717302866674,0.6830367201564921,0.1619575778098327
s04e10a,Language,0.282098668100175,0.4805215930544609,0.21243274582848548
s04e10a,Logic,0.20464412145842928,0.49055918177444235,0.035329989772443046
s04e10a,Identity,0.07855927740864102,0.4095372963316537,0.010964744156774555
s04e10b,Language,0.3709782184301391,0.5353149590522527,0.3787461550200039
s04e10b,Logic,0.24243727285003983,0.5398782655295581,0.2008522113068902
s04e10b,Identity,0.37530275958636766,0.3158967623866329,0.009176340453829368
s04e11a,Language,0.21410541599786406,0.4531996956515543,0.19210312318929249
s04e11a,Logic,0.10552791767439305,0.36038174260549205,0.3230678935048242
s04e11a,Identity,0.5854993811000462,0.6881235979744621,0.06474245988534262
s04e11b,Language,0.09427794135955814,0.3049517124474255,0.09037731964259238
s04e11b,Logic,0.12011955238183657,0.384920577780572,0.15828987332073827
s04e11b,Identity,-0.050904098290420495,0.2618524226011019,0.3913696697546698
s04e12a,Language,0.22432591845130814,0.4142161579343058,0.29809429488747835
s04e12a,Logic,0.05778131939682917,0.4604530743975761,0.08487265343658419
s04e12a,Identity,-0.06442392224777331,0.6727061083292067,0.39475283887995166
s04e12b,Language,0.008936713959082363,0.37771396915099525,0.18205309897676003
s04e12b,Logic,0.0476261982691877,0.28877340301058735,0.11909563705673885
s04e12b,Identity,0.02624717698395514,0.30383099598062513,0.36389975678841147
s04e14a,Language,0.018834176303250506,0.4057660869265948,0.37495297549503404
s04e14a,Logic,0.09325707401986759,0.3773910753811655,0.1624817094688155
s04e14b,Language,0.19190635601471037,0.4836566143544192,0.2901227562901399
s04e14b,Logic,0.06168293348970088,0.3934967915822549,0.22598684470563968
s04e14b,Identity,0.1076141403499466,0.5397051472424433,0.383697167608521
s04e15a,Language,0.14465499048022423,0.23796910301444743,0.08198718189720516
s04e15a,Logic,0.14091770692515018,0.46361239378630853,0.28778895352786654
s04e15a,Identity,0.07417688508331458,0.2600436432827815,-0.13316637552236799
s04e15b,Language,-0.1296889893177999,0.32600161723195703,0.3858053499472814
s04e15b,Logic,0.2404775383180693,0.4189288475199964,0.1767301257589148
s04e15b,Identity,0.35688465831998234,0.38189865108752935,0.07774408830163666
s04e16a,Language,0.14862585793052135,0.33310125408763447,0.028703776280459375
s04e16a,Logic,0.16247253845036927,0.4394772897871448,0.12509552717979872
s04e16a,Identity,0.022598322613582005,0.11531692857153263,0.4136177716240585
s04e16b,Language,-0.11558638338343781,0.26674085614008575,0.21004172271261076
s04e16b,Logic,0.2016610300656002,0.3278142577914916,0.21442075623263576
s04e16b,Identity,0.062362177156338065,0.45029445869022516,0.012511460729393057
s04e17a,Language,0.09182134402943183,0.020630754676489654,0.18477652654772592
s04e17a,Logic,0.16064041038295748,0.26745660789658826,0.05371599917723415
s04e17b,Language,0.11076891788336551,0.2897924855616774,0.3655009674882703
s04e17b,Logic,0.07630719210542362,0.2372879973654516,0.12583927825227278
s04e18a,Language,0.11507568417165871,0.5322925512174815,0.21073953741491983
s04e18a,Logic,0.11808591960525443,0.32377072232038867,0.1372555563425465
s04e18a,Identity,-0.06291737011156799,0.3749211553255884,0.3531641568863231
s04e18b,Language,0.36666837944668723,0.06605805280598438,0.19016487165507132
s04e18b,Logic,0.24159548899970554,0.405384821754478,0.20225436269486527
s04e18b,Identity,0.25999766495241416,0.14512679484234786,0.22018948372075675
s04e19a,Language,0.22609222358041983,0.4060030691972192,0.25063951254760003
s04e19a,Logic,0.0641838381848323,0.33590155755844164,0.0566227600373255
s04e19a,Identity,-0.044527187071500274,0.32851579898233824,0.18306833393466626
s04e19b,Language,0.2675047549522994,0.5111049214015732,0.27628418891701767
s04e19b,Logic,0.2160537445590717,0.3689159934903605,0.31898243706754265
s04e20a,Language,0.13143214822404833,0.13993280286638898,0.36221028645158526
s04e20a,Logic,0.20728733712078182,0.29936912086357553,0.3244056892400449
s04e20a,Identity,0.03578874940157825,0.488957638125048,0.1810029066773391
s04e20b,Language,0.11065786453579228,0.4302822622963289,0.08707911952966735
s04e20b,Logic,0.0946103068753195,0.49496551756120005,0.3098008614082803
s04e20b,Identity,0.13237595098735233,0.4286624397583096,0.20688496800709089
s04e21a,Language,0.31263147672267794,0.457424081651921,0.37257787538918846
s04e21a,Logic,0.030565113543948946,0.3515663034046385,0.23088703212594133
s04e21a,Identity,0.019687635532463124,0.3234896646180367,0.5123079158183917
s04e21b,Language,0.26724781379346924,0.33696186058248045,0.332527641024234
s04e21b,Logic,0.10615698567691349,0.4267440976244912,0.3220820336725431
s04e21b,Identity,-0.13423328008243426,0.3577145458022053,0.5624135156375568
s04e22a,Language,0.1056060966454665,0.23137430309725324,0.061944304129909034
s04e22a,Logic,0.10835681123584169,0.48273022147880035,0.16010406085753065
s04e22a,Identity,0.04675173929690762,0.2715611049314131,-0.025374718945221118
s04e22b,Language,0.12462741839057208,0.3349547086999965,0.2743736683303546
s04e22b,Logic,0.22892430305758657,0.3207994035348379,0.13317378031668814
s04e22b,Identity,0.05586777728671798,0.5495329325493362,0.2778578090823416
s04e23a,Language,0.15151418480083653,0.3503983100580883,0.11571903548028269
s04e23a,Logic,0.10103562457175964,0.4759372323172317,0.2046372598270816
s04e23a,Identity,-0.061947794772505706,0.20307695049633998,0.2907655404346945
s04e23b,Language,-0.09582785803962246,0.23793129196566784,0.1393135305150918
s04e23b,Logic,0.027789412465154623,0.2930028230249773,0.12455878841982364
s04e23b,Identity,0.10295624219438293,0.3291601962770799,0.0417704332998902
s04e23c,Language,0.04182835076663475,0.33468790301924506,0.13942600216728263
s04e23c,Logic,0.12568358909450858,0.2866481582469878,0.07764505366537984
s04e23c,Identity,0.24522808722933728,0.09027564717863339,0.06262318512397083
s04e23d,Language,0.10639637372770057,0.3355310570474442,0.21005021693834955
s04e23d,Logic,0.36798732313148075,0.37391463083703175,0.4188367799997617
s04e23d,Identity,0.3689744502261465,0.2953509135137413,0.4147223079470254
s05e01a,Language,0.13510036231492498,0.23720152261547475,0.12627838934981636
s05e01a,Logic,0.24964339216922762,0.40358023517845276,0.143294939199287
s05e01a,Identity,-0.05108772341434222,0.7594184021671099,0.6110660493353074
s05e01b,Language,0.08601457098046171,0.2983520049108789,0.03113852065319378
s05e01b,Logic,0.22746856429660176,0.43614890407316914,0.1305241875187733
s05e01b,Identity,0.1408148418435341,0.5890878518063939,0.10801256371448438
s05e02a,Language,0.1983197661462616,0.21278890014875043,0.08490983555064073
s05e02a,Logic,0.09806133354329279,0.3412462324479599,0.0771611812827314
s05e02a,Identity,0.2528035209352087,0.3821034883242913,0.26219397850217263
s05e02b,Language,0.01436982250357475,0.4712438499887522,0.23972232270984875
s05e02b,Logic,0.11392030338571262,0.31444334024414317,0.0903080858667779
s05e02b,Identity,0.1438873968748627,0.40978177320762715,0.2303195103771213
s05e03a,Language,0.15397073961308744,0.3009609095327214,0.14650403680302435
s05e03a,Logic,0.2130931586983312,0.3718925249792267,0.32725875166176127
s05e03a,Identity,-0.0432417943692176,0.2413558923813517,0.3469526967974801
s05e03b,Language,0.0433297027379966,0.4027372603477381,0.3127949057088159
s05e03b,Logic,0.07129526624668446,0.49445938613348356,0.1957475811161377
s05e03b,Identity,-0.03474900805184349,0.09089557738565435,0.030750167359873654
s05e04a,Language,0.25751407875408155,0.5154182636896377,0.26685684055754827
s05e04a,Logic,0.3078403166597991,0.47138785509636955,0.21778155365865434
s05e04b,Language,0.3027447678992165,0.2899107796375253,0.0544095521075412
s05e04b,Logic,0.3403163312929301,0.60683777953228,0.16135514488789138
s05e04b,Identity,0.6166805423794705,0.04714484741731667,0.2664197691217186
s05e05a,Language,0.10640702559859318,0.25414981501080675,0.17369174306897447
s05e05a,Logic,0.11430574031020387,0.4071781050412883,0.16427370351143494
s05e05b,Language,0.07857906356183829,0.2466486330379832,0.2856116967719716
s05e05b,Logic,0.0724630243528208,0.3759838903892229,0.1533174500154462
s05e06a,Language,0.18194447533057082,0.19165917332252067,0.17967585218784068
s05e06a,Logic,0.2002657304731619,0.2776893783489019,0.19734823180539426
s05e06a,Identity,0.08566172045487165,0.38645747952215975,0.17631577119031286
s05e06b,Language,0.1786714630766317,0.3705306189104589,0.0901084125389664
s05e06b,Logic,0.06886845667693241,0.48747589021861204,0.10582277140505547
s05e06b,Identity,0.3210916982993762,-0.10719039154094072,0.41613270135397623
s05e07a,Language,0.19478394140107916,0.17304165536919205,0.04650869426436378
s05e07a,Logic,0.11359752680684655,0.38789692933477654,0.24839806973852194
s05e07a,Identity,0.04163875232416983,0.18037167066205242,0.2104008123297357
s05e07b,Language,0.3576557553698063,0.44541698641494126,0.08150924770066513
s05e07b,Logic,0.3008730013310818,0.36180314151941545,0.30948098989725825
s05e07b,Identity,0.07954590643786964,0.30706301386797247,0.24960662754105714
s05e08a,Language,0.12064735865123137,0.4032298386076845,0.02496417434954515
s05e08a,Logic,0.05131541017357425,0.22722851843804967,0.10268365667038355
s05e08a,Identity,0.003218760245667973,0.2535612835129603,0.12019921052260385
s05e08b,Language,0.18699594099349037,0.263883995670424,0.24577917471211322
s05e08b,Logic,0.017815218072798015,0.31330383659457484,0.17921044928863858
s05e08b,Identity,0.19028934148972756,0.22526783879083234,0.10156163839177397
s05e09a,Language,0.04613318452686165,0.3646853439542634,0.056154360848207595
s05e09a,Logic,0.1746952115943287,0.3738563628873672,0.15071418888274948
s05e09a,Identity,0.04604886581359286,0.27555555131949566,0.2384469126503678
s05e09b,Language,-0.032238888682224645,0.4570638695142735,-0.045482353696073674
s05e09b,Logic,0.16322723396713,0.26034584079496587,0.09138143124236882
s05e09b,Identity,0.005415923059842763,0.40404230186253937,-0.0030139773831662866
s05e10a,Language,0.18822740334493185,0.25858545435820957,0.2914894426793873
s05e10a,Logic,0.19995443585186912,0.38439756402386366,0.20135103989132896
s05e10a,Identity,-0.1537511953475291,0.4102033884837628,0.4164423638509955
s05e10b,Language,0.12259297938723723,0.43267348628831953,0.07753534844207695
s05e10b,Logic,0.1291783247486183,0.3544056352322107,0.1763091142714506
s05e10b,Identity,0.04461844194613035,0.3387378160984204,0.12411662302186643
s05e11a,Language,-0.004354206584931473,0.1713080934115492,0.22355065774936164
s05e11a,Logic,0.20788403747408635,0.3653131371105554,0.1715312572033165
s05e11a,Identity,0.14786812739409186,0.6518929329899613,0.18600127371773667
s05e11b,Language,0.18692417198454822,0.29060918932603946,0.12573423332422914
s05e11b,Logic,0.1788078136055948,0.2929234551559688,0.17497139588206403
s05e11b,Identity,0.32014419026572066,0.397472319829373,0.49014234533717976
s05e12a,Language,0.15543096233081183,0.30018039698116156,0.2057791783117476
s05e12a,Logic,0.1762491060910457,0.326852341991769,0.19970211767176158
s05e12b,Language,0.016178604812588256,0.46068521498386983,0.2428076305328877
s05e12b,Logic,0.15158036438775987,0.43589356040948096,0.21039185354602907
s05e12b,Identity,-0.05427322496151544,0.28602910029691503,0.2189526436726015
s05e13a,Language,0.2088515843045223,0.30901359805919154,0.3706260293982149
s05e13a,Logic,0.11727175440822447,0.4901966340825002,0.1507109856464802
s05e13a,Identity,0.30079961222161083,0.6001139520531975,0.2249921020659497
s05e13b,Language,-0.047491097548601334,0.3053668101344835,0.1117609279751857
s05e13b,Logic,0.10603671745114963,0.27193642793334344,0.20804512894278612
s05e13b,Identity,0.12870582538187283,0.20462619550799643,0.2690035289778561
s05e14a,Language,0.13908781283241806,0.2507648749857568,0.3144196645925405
s05e14a,Logic,0.16705729301273595,0.28870158980516253,0.2749448852977046
s05e14a,Identity,0.18365412274222806,0.4557358361114412,0.16810898732128873
s05e14b,Language,0.2174895572461336,0.34356316706828743,0.22710537517896323
s05e14b,Logic,0.2015192147345329,0.3528915290896282,0.14155060190377775
s05e14b,Identity,0.40272006007874267,0.08660827398282823,0.1698129691614775
s05e15a,Language,0.04098844915281823,0.2025327356753821,0.0796532301142814
s05e15a,Logic,0.24850304737863127,0.42034080846913935,0.15288310179401424
s05e15a,Identity,0.10050875153975074,0.26524284242385515,-0.019073877625318286
s05e15b,Language,0.15534288984470132,0.1581307372650342,0.3552964132097418
s05e15b,Logic,0.2594448673584287,0.3958550338005234,0.1376938653814342
s05e15b,Identity,0.4206922994760159,0.25386580152056526,0.4722919542622355
s05e16a,Language,0.2314323940597219,0.16418937006878426,0.06718338346092606
s05e16a,Logic,0.2282500218293392,0.4600645607548806,0.19802436101223217
s05e16b,Language,0.1714110026791361,0.34058818125576423,0.1747141969429317
s05e16b,Logic,0.10734951345497952,0.33225945222923864,0.11465184529850712
s05e17a,Language,0.31135386166768664,0.49054623985790413,0.33606048928599647
s05e17a,Logic,0.196271558584902,0.36857988261167773,0.2720975425403766
s05e17a,Identity,0.164909482471964,0.20184533022888992,0.23311663944365038
s05e17b,Language,0.06536982653513566,0.11246441943989122,0.15706012298604613
s05e17b,Logic,0.2157654538170843,0.24584618611848463,0.2621633910544684
s05e17b,Identity,-0.07045588095193848,0.19258997143028844,0.0029159379303655975
s05e18a,Language,0.15100016724886486,0.21472767576355115,0.2399386062984679
s05e18a,Logic,0.19035630484348776,0.5723366417712458,0.1730231572368006
s05e18a,Identity,0.2810633866766328,0.43183961449806957,-0.003932295671074791
s05e18b,Language,0.11396355501976914,0.21469250814475585,0.1122634175250038
s05e18b,Logic,0.09087509402126703,0.41618544738461116,0.12697672334277144
s05e18b,Identity,0.07032949691500705,0.28502687002279836,0.1941443635923278
s05e19a,Language,-0.012603456788300561,0.49083497878903853,0.31268201409109225
s05e19a,Logic,0.19763763922865615,0.49851849541982407,0.27453170069687644
s05e19a,Identity,0.10353543324498937,0.28322300826579677,0.3370728712759592
s05e19b,Language,0.026488231762827236,0.10046564298820232,0.24116574921734601
s05e19b,Logic,0.11914440559516441,0.3039558192637932,0.19126032588311573
s05e19b,Identity,0.26304638122871365,0.5357090021586641,0.5156944034863086
s05e21a,Language,0.22968491467105104,0.21642162436246734,0.2847060928391297
s05e21a,Logic,0.18956639049988097,0.3355766169638881,0.26053836001564895
s05e21a,Identity,0.3612881250619648,0.6046860387819665,-0.0758662790430988
s05e21b,Language,0.3500945866497483,0.4512035147429499,0.23957421207995253
s05e21b,Logic,0.235287139538084,0.3909938749518041,0.1107425898073454
s05e21b,Identity,0.506424411061175,0.2932226103158853,0.4637079440231468
s05e22a,Language,0.19062509279740267,0.20691619767008038,0.1948679585046492
s05e22a,Logic,0.2675451410887423,0.37162319718661013,0.19772876865520062
s05e22b,Language,-0.004597123147089821,0.4863524895818934,0.1735864619631884
s05e22b,Logic,0.2753644799666953,0.4390758136261265,0.1412689334691245
s05e22b,Identity,0.13884273186578192,0.7273463891533946,0.5950240156046266
s05e23a,Language,0.3035739207886788,0.22489915475775493,0.21447631252868882
s05e23a,Logic,0.19395596461879785,0.4878871407377398,0.20972879126959051
s05e23a,Identity,-0.10177742921564724,0.14994533904012075,0.002516307481522024
s05e23b,Language,0.1565159833933589,0.3963629149163459,-0.005967633719887747
s05e23b,Logic,0.3098738110738006,0.46233442497045996,0.15684117420971794
s05e23b,Identity,-0.1702277433531413,-0.09463681697047223,0.49041962588623694
s05e23c,Language,0.2310189767085075,0.3794645842206541,0.38565381257412845
s05e23c,Logic,0.24503633337399325,0.48488797772332665,0.10905530173406501
s05e23d,Language,0.09740675512950202,0.46905080888572886,0.2412747086245557
s05e23d,Logic,0.14517024258969424,0.3923379761646772,0.21651112952575102
s05e23d,Identity,0.05164131597703472,0.5568037738142094,0.18458641501313974
s06e01a,Language,0.19937555585740654,0.5181376438090985,0.1993541929387267
s06e01a,Logic,0.14708729312368982,0.4219170155157395,0.2478389143640479
s06e01b,Language,0.13349576178363595,0.5741134512207351,0.3565445314162214
s06e01b,Logic,0.2525018883375945,0.40849929361295817,0.32505007665772206
s06e01b,Identity,-0.01833323366206588,0.3061009065369385,0.08236525842469966
s06e02a,Language,0.10263071925075434,0.20149472566003981,0.1802924224160777
s06e02a,Logic,0.23382730156164924,0.39185946261678994,0.18547433742037775
s06e02a,Identity,0.18516570096688692,0.43367033244201386,-0.01694397986194543
s06e02b,Language,0.10911147105928871,0.4792746119084284,0.13944886897554562
s06e02b,Logic,0.18188119847253184,0.41676937087405547,0.27318098904411164
s06e02b,Identity,0.2839091929246629,0.18598988367681157,0.1947524381268563
s06e04a,Language,0.2229199543082793,0.26606829744104354,0.1811055751826185
s06e04a,Logic,0.03825264516403594,0.40168378233938906,0.05125456865434941
s06e04a,Identity,0.20253772461598177,0.3394554220895391,0.0490007128963921
s06e04b,Language,0.14196166552966422,0.41370810100229344,0.16662722669886046
s06e04b,Logic,0.15450492087480874,0.33139276359384234,0.19276518572116388
s06e04b,Identity,0.13440563442793804,0.228042635593295,0.16218752993582644
s06e05a,Language,0.16030979620969213,0.19654436593714555,0.15572549802076183
s06e05a,Logic,0.3024885528429333,0.43655463593828703,0.2312106245380844
s06e05a,Identity,0.1051791275413179,0.38429035885157,0.2646145063484328
s06e05b,Language,0.28329201293152223,0.44354637405237224,0.07440587037558594
s06e05b,Logic,0.1191817053250932,0.4674604161794535,0.23827243435715587
s06e05b,Identity,0.11958766793986893,-0.07494571502686635,0.005250708200319758
s06e06a,Language,0.08411821429447718,0.4343295513059695,0.3380561158169611
s06e06a,Logic,0.15354150556404647,0.4445541580656389,0.13390905212779738
s06e06a,Identity,0.31200409513522903,0.2979590056919542,0.03610286387897397
s06e06b,Language,0.214351115134897,0.2198645501955245,0.14544205349184905
s06e06b,Logic,0.04514542455770545,0.22681029867889047,0.10157367370593823
s06e07a,Language,0.187150633327443,0.2607507017969154,0.27244215212690903
s06e07a,Logic,0.11217183687220461,0.4162538810124117,0.15196856944981604
s06e07a,Identity,0.10324739495577484,0.12351049950578102,-0.006610481354270827
s06e07b,Language,0.2867775316413283,0.05592741521359424,0.20691388098613683
s06e07b,Logic,0.1854237005855388,0.3344932597610664,0.3211034455270216
s06e07b,Identity,-0.06348015517077017,-0.019159425624120947,0.04578785885340708
s06e08a,Language,0.17761230562790634,0.269755893143514,0.2386143398365974
s06e08a,Logic,0.1386283486849468,0.3857471481998493,0.22474901757759247
s06e08a,Identity,0.234108897757115,0.39489277206208495,0.08215786754493414
s06e08b,Language,0.38864114675423544,0.3677787090826065,0.22011497185047788
s06e08b,Logic,0.11457221571298187,0.22207123645383742,0.13552758873817286
s06e08b,Identity,0.039972325326704895,0.30004399747453553,0.1491066757242433
s06e09a,Language,-0.002063511340061122,0.23425656058687597,0.20092319458885144
s06e09a,Logic,0.11137788641377117,0.4255414946048197,0.08543252534512774
s06e09a,Identity,0.18439647912241663,0.27597544490418396,0.018219860179532213
s06e09b,Language,0.4427970193386191,0.3124020855817389,0.08266102718645678
s06e09b,Logic,0.2450051267455183,0.38984374066335353,0.13850045007754913
s06e09b,Identity,0.3864860421632425,0.523063160326393,0.011821307335595029
s06e10a,Language,0.15107622877133717,0.4577101018960346,0.1569522307876567
s06e10a,Logic,0.0802225596236686,0.4204127679663203,0.059259313473613816
s06e10a,Identity,0.1319592425804629,0.020104408345384902,0.23420086496967674
s06e10b,Language,0.22423551535101408,0.3548773276435666,0.05829544525961072
s06e10b,Logic,0.1076273096214166,0.3293983118565177,0.1716247636141235
s06e10b,Identity,-0.0017860315059477355,0.19615757618731586,0.2603174640876988
s06e11a,Language,0.06837285809230141,0.3847504360079834,0.05860168494049824
s06e11a,Logic,0.2617793127323759,0.5081088427988785,0.2545291282725618
s06e11a,Identity,0.15619084977608638,0.4654448026494304,0.06408034069419945
s06e11b,Language,0.17688750126716876,0.3474834803618479,0.04444477050471496
s06e11b,Logic,0.2180646243905455,0.528738349929936,0.1382100550011261
s06e11b,Identity,0.15837368933846474,0.256585252205403,0.32876041046177745
s06e12a,Language,-0.02317859908218416,0.27976633739706896,0.12825424744845212
s06e12a,Logic,0.08165366415509932,0.3388130023979879,0.11243468979116966
s06e12a,Identity,0.0407702846656715,0.24833030619359164,0.16403848797983525
s06e12b,Language,0.04012601203423141,0.3128614467541704,0.10815316188061597
s06e12b,Logic,0.011786005587644968,0.3660917230284066,0.1310524158351276
s06e12b,Identity,0.04775587009398929,0.27685835257664704,0.11280163716026165
s06e13a,Language,0.02763634147217486,0.33483691272895016,0.3448318267104415
s06e13a,Logic,0.24678470150722231,0.42552014801587607,0.2092519410239234
s06e13a,Identity,0.10312546509813093,0.3023044746614851,0.1801283898148642
s06e13b,Language,0.00671713946869228,0.6342044689960238,0.15876285641639526
s06e13b,Logic,0.041822239211350754,0.33427186799551284,0.10814100379781234
s06e13b,Identity,0.09623254139948761,0.5551407859040859,-0.06502072715578373
s06e14a,Language,-0.01250579963393821,0.25915764847744366,0.20283230772242136
s06e14a,Logic,0.22879108895411948,0.3641278002313453,0.14608097071688517
s06e14a,Identity,0.03730223270997446,0.33311492634047174,0.08912612001589636
s06e14b,Language,0.09239832297525913,0.4915325312019641,0.27540213011870734
s06e14b,Logic,0.2494184993603766,0.4322544206193049,0.30118786791589053
s06e14b,Identity,0.3637854123773914,0.3678601108975899,0.16502329554343678
s06e15a,Language,0.12273891441596833,0.5191300888878846,0.18510281955472166
s06e15a,Logic,0.1830203280025177,0.35556693163733283,0.217153219836432
s06e15a,Identity,0.12214184284649697,0.26916419601942465,0.11396242950364112
s06e15b,Language,0.16649641691589268,0.43654340826507604,0.06429180798267754
s06e15b,Logic,0.07505481844128267,0.37252325287581084,0.20991899771758749
s06e15b,Identity,0.06756160061348221,0.3055473444615732,0.008736119540210125
s06e15c,Language,0.11709189133616653,0.6082220912151771,0.14037834796785975
s06e15c,Logic,0.14670036999950273,0.48871573603529467,0.23553807870350382
s06e15c,Identity,-0.11766564986964374,0.45485067220173697,-0.06433922412638808
s06e15d,Language,-0.05332529942471239,0.24880663987042015,0.18200435486305347
s06e15d,Logic,0.10425354503947155,0.4303023031409574,0.0847458146211157
s06e15d,Identity,-0.0001766957489686601,0.13705622721755897,0.10426610254802328
s06e17a,Language,0.26378713222866923,0.5516022131865329,0.2236116814507234
s06e17a,Logic,0.1721435052062139,0.32607814723340106,0.3141137935491067
s06e17a,Identity,0.2447251035577387,0.4475174806434756,0.3312068491215536
s06e17b,Language,0.18873629647692422,0.39945007388988807,0.17466108860459675
s06e17b,Logic,0.22023310086990167,0.3594591675792353,0.21277905453457382
s06e18a,Language,0.20915146547217933,0.4130636910587369,0.29784580090015267
s06e18a,Logic,0.10634972916390972,0.3970228084968351,0.31147986957484614
s06e18b,Language,0.062393209494199464,0.2665685518338789,-0.13749880323835742
s06e18b,Logic,0.10373007086277299,0.1529634295304483,0.10152580283039071
s06e19a,Language,0.19046083104376096,0.26529943986423427,0.37990931238423925
s06e19a,Logic,0.14078987889465974,0.16861434846280013,0.11188806804159197
s06e19b,Language,0.10215718313199607,0.3367888690210414,0.03699638840154732
s06e19b,Logic,0.05060158461620523,0.2493010207882933,0.08035775936406356
s06e19b,Identity,0.06323855673101035,0.3553632888978566,0.09932398201585334
s06e20a,Language,0.07240393622721368,0.42693495060699066,0.1384726605942577
s06e20a,Logic,0.23157991942434597,0.45863706485764316,0.2976070594942039
s06e20a,Identity,-0.09823856312323358,0.7772010479690948,0.3906901586014501
s06e20b,Language,0.09709032891004078,0.3238590537265506,0.06914120208300474
s06e20b,Logic,0.16721862016588185,0.3500854576034988,0.08854114022628923
s06e20b,Identity,0.08819283753892569,0.1201779402134223,0.1304837458336031
s06e21a,Language,-0.015791314502945287,0.270675724216578,0.07206805008362775
s06e21a,Logic,0.22226868009983522,0.3160393370808681,-0.023787157651969325
s06e21a,Identity,0.3230075563904135,0.5458313851932096,0.10811751519975311
s06e21b,Language,0.1989923075343155,0.309994340726825,0.17133608772676634
s06e21b,Logic,0.1639197361077856,0.3020682593238811,0.1685631420959064
s06e21b,Identity,0.31143285620709227,0.32547149777903334,0.1596912112274517
s06e22a,Language,0.18398457369386378,0.7666015556062246,0.13698903904718776
s06e22a,Logic,0.2330176961021385,0.39699833049093775,0.16729877151404351
s06e22a,Identity,0.5859025594163256,0.02682743788184604,-0.04054320672692474
s06e22b,Language,0.05856451841135001,0.3487534616062336,0.10952132971605451
s06e22b,Logic,0.0893276335663878,0.3709155479347333,0.11905443194739695
s06e22b,Identity,0.5251658414492596,0.531401366644204,0.03837935578256446
s06e23a,Language,0.20668999690480663,0.4978929787524675,0.4446069435233442
s06e23a,Logic,0.148526854803055,0.4706151115004713,0.2314499062097043
s06e23a,Identity,0.48885522841759294,0.3417737981933917,0.3371057980913908
s06e23b,Language,0.20043938718930532,0.43250059821829057,0.1830420570577043
s06e23b,Logic,0.08769420731812372,0.21888760550681816,0.10791667604545964
s06e23b,Identity,0.09212182142547555,0.34810153900996066,0.10434978791874001
