episode,season,category,isc_rTPJ,isc_visual_cortex,isc_auditory_cortex
s01e02a,1,Language,-0.07446522534447839,0.08092390538237652,0.24983547340106219
s01e02a,1,Logic,0.2513374041364281,0.5248567749359981,0.1767486985976289
s01e02a,1,Identity,0.126905110259825,0.10579624322337818,0.13493806888120222
s01e02b,1,Language,0.13395387142348247,0.5061905911376058,0.1625402008786945
s01e02b,1,Logic,0.0857216685902892,0.2856031259934601,0.18738317926872836
s01e02b,1,Identity,0.32265168906336045,0.5760449059445115,0.5316838140910305
s01e03a,1,Language,0.2192034819125456,0.4848826342908561,0.2766398615528988
s01e03a,1,Logic,0.03082140890675453,0.47751508260658393,0.06229091813328658
s01e03b,1,Language,0.17650948577627212,0.5171471945262495,0.28957476927266607
s01e03b,1,Logic,-0.007724060273549288,0.2888488032395493,0.13746640052123343
s01e04a,1,Language,0.03467112330051365,0.3827587689575555,0.2616977861136512
s01e04a,1,Logic,0.17852893995649297,0.5364307224557429,0.2599005190815888
s01e04b,1,Language,-0.031017631985711957,0.5382538332538608,0.3810872892907815
s01e04b,1,Logic,0.21366289563830557,0.33149953304060303,0.21980626828699168
s01e05a,1,Language,-0.1152635725755188,0.2232490367936734,0.22924113488459993
s01e05a,1,Logic,0.2282604599038102,0.43230554242458813,0.22842521495537346
s01e05b,1,Language,-0.013330533454080288,0.4395974736545643,-0.017530424003494378
s01e05b,1,Logic,0.1606122668715931,0.2572630514412256,0.20467859443076739
s01e05b,1,Identity,-0.011172392166416356,0.14213998967998923,-0.21632636095926697
s01e06a,1,Language,0.18101366924748916,0.6771627054201029,0.4146142637254162
s01e06a,1,Logic,0.26898712506088895,0.4884995820917899,0.43330639870395604
s01e06a,1,Identity,0.23200048615291724,0.6912084434255076,0.3713375311479267
s01e06b,1,Language,0.23404239225522747,0.5547305987268415,0.3290570147957929
s01e06b,1,Logic,0.07450353790308371,0.4338854837063398,0.22984807602633575
s01e06b,1,Identity,0.14664063688991516,0.5208887382246922,-0.010106634477212597
s01e07a,1,Language,0.21545312005930473,0.27359034058358,0.23466599298723426
s01e07a,1,Logic,0.055786373697365665,0.3943550905156144,0.09381868516007759
s01e07b,1,Language,0.12071441130182924,0.3076584483003458,0.20229204334841386
s01e07b,1,Logic,0.2077517899921316,0.26574963415341096,0.18386809304307186
s01e08a,1,Language,0.32945175310474367,0.5664996157557752,0.11181868265845422
s01e08a,1,Logic,0.22884362390872548,0.447249183137258,0.28247604908227153
s01e08b,1,Language,0.37011567519899247,0.29419896345572827,-0.039098827650688416
s01e08b,1,Logic,0.34286212749756184,0.35535560809897887,0.16655778675959476
s01e08b,1,Identity,0.15091746427021746,0.1995001453406274,0.008763964176589553
s01e09a,1,Language,0.0554861766779599,0.14977654999708548,0.09014021012542596
s01e09a,1,Logic,-0.03486603753652546,0.18288443257748555,0.18462426287078681
s01e09a,1,Identity,0.33532998361514194,0.6034007318963793,0.42751728623255514
s01e09b,1,Language,0.011968872793002927,0.2723192439822058,0.0917756157839139
s01e09b,1,Logic,0.23972565680553626,0.5158443765595125,0.1501718345279863
s01e10a,1,Language,0.3885308878967362,0.584581077923319,0.4388927845029212
s01e10a,1,Logic,0.1827178857727435,0.2923559273061638,0.16243985783050532
s01e10b,1,Language,-0.20964601305483888,0.2267010089979619,0.2470851986814411
s01e10b,1,Logic,0.2336136566852707,0.44873967926322056,0.2286133111827895
s01e11a,1,Language,0.263399173344744,0.2789683026986101,0.2326615149004836
s01e11a,1,Logic,0.31799589554347124,0.22261932081631655,0.07828137140735965
s01e11a,1,Identity,0.2643370668892443,0.5420090273318545,0.127394788985986
s01e11b,1,Language,0.313647396733927,0.26054793216681227,0.08510776227793654
s01e11b,1,Logic,0.20584374344109654,0.14309147163116273,0.05938414085320857
s01e12a,1,Language,0.053917879195413965,0.21578209730137501,0.27653798956071324
s01e12a,1,Logic,0.228394510985241,0.49411608124029494,0.1618967651346137
s01e12b,1,Language,0.08810054823874658,0.48739922530940466,0.1891306515470407
s01e12b,1,Logic,-0.039833589477899216,0.29461878620881465,0.19988460884865003
s01e13a,1,Language,0.2335037434238791,0.35177702851070075,0.0912345016252089
s01e13a,1,Logic,0.3089285142300336,0.33984373989836497,0.09657298826347933
s01e13b,1,Language,0.0997223945343028,0.28172038205854455,0.2589759164748841
s01e13b,1,Logic,0.38522561138208866,0.3109501164018118,0.37963163706986985
s01e14a,1,Language,0.0474702772813283,0.325171357546237,0.038079974381499786
s01e14a,1,Logic,0.29178458575559024,0.4652900630485222,0.1053484868069058
s01e14a,1,Identity,0.30516346913926706,0.1935869321959537,0.1465007889120509
s01e14b,1,Language,-0.11247517404011742,0.18048228945060074,0.06135183927195607
s01e14b,1,Logic,0.023123354549158245,0.3206615133161239,0.15064908797781687
s01e15a,1,Language,0.4819926889659776,0.3965551076774348,0.1726744486693447
s01e15a,1,Logic,0.03379542211022146,0.5537737419556997,0.13755636131582707
s01e15b,1,Language,0.24915378685267975,0.44219317028658095,0.20005942023378345
s01e15b,1,Logic,0.2661480841411304,0.27818507382146024,0.2104617627870632
s01e16a,1,Language,0.10249782516211196,0.2878997164104105,0.08726097468945453
s01e16a,1,Logic,0.029272571434102574,0.33313024684656944,0.09872772030421094
s01e16a,1,Identity,0.362568471220791,0.4808210339083796,0.07482445370620738
s01e16b,1,Language,0.23284314376474083,0.2633147635229906,0.31604811510070324
s01e16b,1,Logic,0.052676690318038656,0.31279423698302317,0.10109168021484687
s01e17a,1,Language,0.17127450966273838,0.5087656221524851,0.24572751312264687
s01e17a,1,Logic,0.03716854673205289,0.32926747374025933,0.33837252498268117
s01e17a,1,Identity,0.1222619199779041,0.4340370893198881,0.1713118646663233
s01e17b,1,Language,0.18877446790474717,0.7269109554056447,0.3139009088082051
s01e17b,1,Logic,0.22005931235510356,0.5133392081871682,0.3255641997629792
s01e18a,1,Language,0.27684087037058364,0.40187310586360175,0.05955752906536191
s01e18a,1,Logic,0.09570563708459369,0.33175187817804,0.12927459888847948
s01e18a,1,Identity,0.44228509431784296,0.30235073783500377,0.1342138649328227
s01e18b,1,Language,0.10669928814027861,0.545754931238044,0.19228606950740754
s01e18b,1,Logic,0.14609379646158585,0.12990129521474708,0.1205516530176703
s01e19a,1,Language,-0.012277143719569917,0.29189627297957704,0.3091253140225847
s01e19a,1,Logic,0.07165729549232444,0.30828239820102427,0.2974681790257515
s01e19b,1,Language,0.11407419322715934,0.3348386821993648,0.13418833434245156
s01e19b,1,Logic,-0.022075459488155702,0.2541459215331052,0.3878714332274353
s01e19b,1,Identity,0.031209904201134907,0.35302319301497476,0.21236881460587495
s01e20a,1,Language,0.46540659272463913,0.2194234938067906,-0.08748986295613553
s01e20a,1,Logic,0.007948965325927648,0.20153677871718,0.23564049886404814
s01e20b,1,Language,0.2860051908932161,0.4370152748086906,0.5220255607546083
s01e20b,1,Logic,0.13084661834456537,0.42387748555933785,0.22261365069528607
s01e20b,1,Identity,0.13906718346004346,0.4353115575153798,0.5045480439209274
s01e21a,1,Language,-0.03939636996216465,0.40663253763262985,0.3159347037669559
s01e21a,1,Logic,0.03403219572995347,0.6008519788524275,0.13500938615015412
s01e21a,1,Identity,-0.05421760973688609,0.49846097168166414,0.09275279460497382
s01e21b,1,Language,0.12309207560802506,0.765319903873193,0.3179600502572815
s01e21b,1,Logic,0.05279209642442471,0.36446031840209675,0.22814401521931982
s01e22a,1,Language,0.04927337275134364,0.35228297297797245,0.3235215740280049
s01e22a,1,Logic,0.04133939686659293,0.28953243263795486,0.15084999520076878
s01e22b,1,Language,0.0620828207781546,0.633536007084517,0.014010269209608033
s01e22b,1,Logic,0.17879025986515354,0.3431603189687003,0.3014495354877977
s01e23a,1,Language,0.22418316183869938,0.3516009208779405,0.21229407979009166
s01e23a,1,Logic,0.19708062910781246,0.42879649579742557,0.08030685193213534
s01e23b,1,Language,0.41114761197280464,0.6026248380786621,0.27349580575116034
s01e23b,1,Logic,0.17230330646508243,0.3334645014205729,0.11457728912823928
s01e23b,1,Identity,0.2934073331068386,0.5709670707158657,0.18733767257386688
s01e24a,1,Language,0.2377278000163805,0.31512538993057543,0.15912593062418487
s01e24a,1,Logic,0.14025065117409738,0.24455311794201606,0.09787614472127408
s01e24b,1,Language,0.14052806840642232,0.3439909294817795,0.04612878796878379
s01e24b,1,Logic,0.2013893338363629,0.353873253679881,0.5000499050963712
s02e01a,2,Language,0.26309419242080107,0.22878900939210836,0.043450873927253136
s02e01a,2,Logic,0.4717618717387772,0.34452629600281753,0.30490326683521723
s02e01b,2,Language,0.27895993950959747,0.31643667408209497,0.16926915672951848
s02e01b,2,Logic,0.02489646040898015,0.3257008572010917,0.431351499233463
s02e02a,2,Language,0.13466082358383433,0.5555065467005065,0.17568959308245213
s02e02a,2,Logic,0.12894911828164596,0.40414026461929975,0.1547993511388719
s02e02b,2,Language,0.3566028462912127,0.4965697609179976,-0.017340320217208882
s02e02b,2,Logic,-0.008940236130121173,0.44775566057038185,0.2457023717447356
s02e03a,2,Language,-0.13853936391463242,0.016441936170829053,0.4902690955171511
s02e03a,2,Logic,0.16672378190350354,0.3697654826591195,0.14993605374742697
s02e03b,2,Language,-0.09162342976935194,0.18446074796164535,0.04268873876526983
s02e03b,2,Logic,0.1249149088326982,0.21827904056098388,0.2444130140495202
s02e03b,2,Identity,0.10497235513783688,0.44799871379331013,0.15430985451447324
s02e04a,2,Language,0.2362705532405419,0.29559678441870213,0.32575676285959093
s02e04a,2,Logic,0.15784733918294408,0.28065815724111703,0.2547871557144569
s02e04b,2,Language,0.0886290976314581,0.5614108579448952,-0.0017533304940903955
s02e04b,2,Logic,0.07939126613525975,0.4141245225805891,0.3136783707916895
s02e04b,2,Identity,-0.12368952536618001,0.29553459246691294,0.20595384866037125
s02e05a,2,Language,0.057395134189485386,0.14654259835423325,0.45225907393092957
s02e05a,2,Logic,0.28990973807628784,0.3501597666523699,0.30916859461081797
s02e05b,2,Language,0.2756263774270508,0.3041343087734733,0.37674877855030403
s02e05b,2,Logic,0.05506950869004918,0.31961407273305437,0.01414213744157961
s02e06a,2,Language,0.3863089911928967,0.37975245243581474,0.134125729361135
s02e06a,2,Logic,0.29103957727309454,0.4049083219587632,0.07081247307804613
s02e06a,2,Identity,0.616767652548403,0.5337175327272285,0.3888897204161072
s02e06b,2,Logic,0.21814843771984424,0.29565142958726665,0.32684207322148545
s02e06b,2,Identity,0.19485431815047094,0.4148138464356226,0.13701576509878302
s02e07a,2,Language,0.23117970157555676,0.26418218150161793,0.226385835215843
s02e07a,2,Logic,0.3620187990642904,0.44878169107633403,0.2671859489412035
s02e07b,2,Logic,0.24111277809314138,0.4893149121651585,0.13364783198520996
s02e08a,2,Language,0.1607295753774366,0.3889981117311851,0.2585916918061045
s02e08a,2,Logic,0.17440922145233503,0.2783476993872133,0.3602618234779293
s02e08a,2,Identity,0.12354259540906996,0.2539923170458038,0.22021699494911684
s02e08b,2,Language,0.03261238274059875,0.25996277788266503,0.15400227904125777
s02e08b,2,Logic,0.3822378918022821,0.36924151699777563,0.41127002871571766
s02e09a,2,Language,-0.017047000806300203,0.4180025751450797,0.2876267545520478
s02e09a,2,Logic,-0.04237466929028816,0.2850474635895337,0.18240963897780413
s02e09b,2,Language,-0.024578901996530844,0.49934623106717435,0.10212521771682374
s02e09b,2,Logic,0.31441993626498943,0.17937346996517722,0.2534776815759237
s02e10a,2,Language,0.1724297769720493,0.404303389482495,0.26003229718297977
s02e10a,2,Logic,0.152793337339343,0.15736833289848517,0.24733242983478357
s02e10a,2,Identity,0.1974194757410852,0.022348757610968367,0.11541630362820861
s02e10b,2,Language,0.08913946018018093,0.3400013805513827,0.2648834679814513
s02e10b,2,Logic,0.1407139385419084,0.3980214521532827,0.1590740760851441
s02e11a,2,Language,0.28975935339158154,0.269296958020675,0.19083947877712218
s02e11a,2,Logic,0.1024254731915415,0.32605623176135307,0.21208411953119255
s02e11a,2,Identity,-0.1784169237093073,0.18007032348799204,0.3793693200753288
s02e11b,2,Language,0.2529356710502984,0.489382673582643,0.3252229743776612
s02e11b,2,Logic,0.2024412650023284,0.4082480546722201,0.32452084127909014
s02e12a,2,Language,0.27100025245635934,0.3008467396036502,0.36337519311215444
s02e12a,2,Logic,0.20474812722834043,0.6109928387772305,0.4284431839283627
s02e12b,2,Language,0.29347793228228786,0.22534292483943688,0.37666576104064986
s02e12b,2,Logic,0.020986543848344835,0.3669035897975624,0.48055095383675545
s02e13a,2,Language,0.12181068871287605,0.5180362290910737,0.40233002207993734
s02e13a,2,Logic,0.26175097604856273,0.4746481121899919,0.5376355704028587
s02e13a,2,Identity,-0.08668523315824446,-0.19110954096256427,0.4851587721208979
s02e13b,2,Language,0.10653015179561438,0.4137434403030958,0.28861954457639677
s02e13b,2,Logic,0.2140729625258522,0.45121864807882367,0.41723643661766324
s02e13b,2,Identity,0.4251922523649436,0.5003718977455259,0.4793360108344013
s02e14a,2,Language,0.22453734633295372,0.3051545647408867,0.516776211768645
s02e14a,2,Logic,0.19214242879573293,0.44959664674273814,0.38045102932307734
s02e14b,2,Language,0.43083513757687003,0.46895223950579296,0.4580426795343986
s02e14b,2,Logic,0.36414850459709336,0.23246687977869043,0.40567017669778194
s02e14b,2,Identity,0.4529879696482353,0.20433005931291662,0.10648992222320064
s02e15a,2,Language,-0.13484534909094567,0.19482352703557537,0.41573653723601617
s02e15a,2,Logic,0.22076165314574694,0.5578404786268446,0.336758303279929
s02e15b,2,Language,0.36151892517122824,0.43046797978488405,0.30125438828739537
s02e15b,2,Logic,0.25961987772317713,0.41419620835091914,0.3040312722215953
s02e16a,2,Language,0.4512773484584054,0.3651561853121814,0.2998912324782075
s02e16a,2,Logic,0.3365399366068562,0.523095429033765,0.1903430371864314
s02e16b,2,Language,0.3048493179033976,0.14778345750564523,0.22141178025478295
s02e16b,2,Logic,0.16967290075993893,0.2855374322955365,0.37105322049157013
s02e16b,2,Identity,0.6378329032518079,0.6352781000683985,0.5560317982312593
s02e17a,2,Language,0.19958557984022499,0.541576478375001,0.4640542393260942
s02e17a,2,Logic,0.44585415420463886,0.5243518963689134,0.21112331810681195
s02e17a,2,Identity,0.3062283165338944,0.01551951063110619,0.39347090596023987
s02e17b,2,Language,0.18393423683741103,0.6460762839622657,0.19303241142691074
s02e17b,2,Logic,0.17186383458707147,0.30261403244088025,0.3405203306973003
s02e18a,2,Language,0.20029987022589635,0.4135349760899379,0.2647262875021977
s02e18a,2,Logic,0.19608244781430959,0.2629212144969291,0.2860768312895681
s02e18b,2,Language,0.2926292650724289,0.2376877140112926,0.3288735411076719
s02e18b,2,Logic,0.1984821680184764,0.4275018803291175,0.20116618359793467
s02e19a,2,Language,0.05963457590344603,0.6607617458203098,0.4359442307361004
s02e19a,2,Logic,0.23322873235648553,0.3102501614554251,0.31943538664938875
s02e19b,2,Language,0.2649143225458686,0.736145691954893,0.4002636664640149
s02e19b,2,Logic,0.3024311512685438,0.36241648845027763,0.29389409395602817
s02e20a,2,Language,0.17642056215622837,0.3119236071346718,0.28629107441076856
s02e20a,2,Logic,0.22252371333680643,0.4067982140090976,0.2527725573993385
s02e20a,2,Identity,0.027555004462044928,0.15438021982719471,0.29729078132844816
s02e20b,2,Language,0.022503000218504765,0.2034906069898409,0.32365572071968124
s02e20b,2,Logic,0.27557416142581,0.3396464975989677,0.16802463086296102
s02e20b,2,Identity,0.05638690190706643,0.7488913207371084,0.12847142766417471
s02e21a,2,Language,0.10255364372735898,0.4486759743816425,0.12826398629410177
s02e21a,2,Logic,0.49278515915280163,0.5772462787685347,0.36052839225393046
s02e21a,2,Identity,0.1628561747817408,0.4489384973048645,0.1756229253320103
s02e21b,2,Language,0.16343290904242475,0.25429218419652616,0.29921672157569656
s02e21b,2,Logic,0.1877145700554866,0.5698213654786403,0.13376092152190572
s02e22a,2,Language,0.12879708086327268,0.3431756336678695,0.24382190270984952
s02e22a,2,Logic,0.2569242427070757,0.3066474242815656,0.2147671857936032
s02e22b,2,Language,0.3271603781947933,0.5000227344238032,0.26570019686237956
s02e22b,2,Logic,0.38402540850749234,0.5743295630446119,0.27698601923599814
s02e23a,2,Language,0.29380188489896103,0.481608362883136,0.2542921700078274
s02e23a,2,Logic,0.28250500877626905,0.6298584351666311,0.22859555522850375
s02e23b,2,Language,0.025269178055224977,0.21556354537357558,0.3774710114613431
s02e23b,2,Logic,0.24790233174322637,0.5734678126114675,0.2612919387594836
s02e23b,2,Identity,0.04143459198401168,0.09464945248106228,0.381495056454932
s02e24a,2,Language,0.24320779228142542,0.22722468064694157,0.03977516347249994
s02e24a,2,Logic,0.20234685064557356,0.3496969026986885,0.1010334740651
s02e24b,2,Language,0.014428569631031988,0.6373037848596358,0.25331273089123285
s02e24b,2,Logic,0.07880516271573206,0.2890785571031355,0.35439718275372173
s03e01a,3,Language,0.03931122728289936,0.47750749661451847,0.2173088660039351
s03e01a,3,Logic,0.24017836730280662,0.4741228417297587,0.24538675988188818
s03e01a,3,Identity,0.7399546208792619,0.41634978500560155,-0.08080385515094445
s03e01b,3,Language,-0.09194176903599231,0.36921861981139986,0.172860368145923
s03e01b,3,Logic,0.019959604175427127,0.2545958654071509,0.2761823514274209
s03e01b,3,Identity,0.14342766951622307,0.396881469169263,0.323237636414735
s03e02a,3,Language,0.12933470763129937,0.32815884206618956,0.3538643493829812
s03e02a,3,Logic,0.3135045021750953,0.38559030632004454,0.18215316274327784
s03e02b,3,Language,0.0946203176914991,0.21798221102290105,0.26885836160403737
s03e02b,3,Logic,0.10599685734015592,0.2701629767001821,0.15674915043305304
s03e03a,3,Language,0.13022299520243594,0.32902717020515865,0.12164447874231425
s03e03a,3,Logic,0.1634682307508171,0.37754559760856904,0.04535141963927825
s03e03b,3,Language,0.2366938097320539,0.3282347580560055,0.06690865061771399
s03e03b,3,Logic,0.3971520130565795,0.27414791201072997,0.19891760801366443
s03e03b,3,Identity,0.023725582423389926,0.08531945501133124,0.14247889387169943
s03e04a,3,Language,0.24441013086843946,0.24277105997301082,0.5117257403476348
s03e04a,3,Logic,0.12211815691735917,0.3037899261201133,0.38395941868839306
s03e04a,3,Identity,-0.12312244091452508,0.21319139370586423,0.405829253215297
s03e04b,3,Language,0.24437662335829988,0.1255351226101211,0.042314339415956824
s03e04b,3,Logic,0.11433052937245536,0.4121468782960172,0.25343711976932654
s03e05a,3,Language,-0.011709899205986607,0.3307651368528303,0.399194869844904
s03e05a,3,Logic,0.23108297478170434,0.3154476879078103,0.1470005925542855
s03e05a,3,Identity,0.2941101498430343,0.37247288099590564,0.30464621929208296
s03e05b,3,Language,0.19211066502126295,0.46166021245879235,0.3107347922492285
s03e05b,3,Logic,0.08003085130475408,0.3119324800320456,0.39145119444363724
s03e06a,3,Language,0.13623592626496814,0.6362561477821481,0.3454623669265267
s03e06a,3,Logic,0.4167416128383912,0.3338456562975183,0.1141000825703623
s03e06a,3,Identity,0.17621878660621226,0.6067698202093387,0.2738827333790063
s03e06b,3,Language,0.33746609776426767,-0.0782757209178566,0.03442847749757615
s03e06b,3,Logic,0.19284696889057337,0.5166852588456794,0.21027980072091826
s03e06b,3,Identity,0.1150479528843048,-0.08798168098249433,-0.007222147619206143
s03e07a,3,Language,0.1525751276718931,0.34689849668105355,0.34366650420116845
s03e07a,3,Logic,0.14139100138576832,0.3660106033876966,0.25396141546203715
s03e07a,3,Identity,-0.10947637704867942,0.1763433302710684,-0.0375212443654597
s03e07b,3,Language,0.102778351947501,0.4944325122196464,0.14164354988748698
s03e07b,3,Logic,0.41868926193315475,0.4382695279580977,0.2164007134275515
s03e08a,3,Language,0.05843279969804227,0.45805988751709353,0.16366270898407637
s03e08a,3,Logic,0.1770228690312534,0.3379499512565767,0.1170378340133736
s03e08b,3,Language,0.32802982380606316,0.45165671863423246,0.07599156820548564
s03e08b,3,Logic,0.465014647712703,0.4145662919907696,0.35508639635031347
s03e09a,3,Language,0.1880034677820621,0.3608809723538011,0.0919052224990276
s03e09a,3,Logic,0.12738797931148801,0.35719103853678763,0.1473835994837229
s03e09a,3,Identity,0.5171696605627828,0.215133403307279,0.2122596690902718
s03e09b,3,Language,0.08271874037141284,0.05668164407342119,0.2895715877803205
s03e09b,3,Logic,0.2865761063822602,0.46098938661183464,0.4810210086720523
s03e09b,3,Identity,0.2816872459509776,0.29394956991787885,0.1994463341758831
s03e10a,3,Language,0.13721860087899238,0.36081351505537,0.22847091186301527
s03e10a,3,Logic,0.31730828100779374,0.5365068849214539,-0.001591074347878497
s03e10b,3,Language,0.14783881733216628,0.26143829665340207,0.16313829441736624
s03e10b,3,Logic,0.01997495648686531,0.4937467632300587,0.11034826563435185
s03e11a,3,Language,0.1389337108521619,0.3258289530353505,-0.06766511057049872
s03e11a,3,Logic,0.1850984792270737,0.25746600079969206,0.1379600200891743
s03e11b,3,Language,0.19675678547872474,0.317731542672067,0.3779226309928025
s03e11b,3,Logic,0.012858662942385099,0.45798246130296977,0.31254270196601897
s03e12a,3,Language,0.09542783468180603,0.31148810047447933,0.22125374658847194
s03e12a,3,Logic,0.20713537937585724,0.238904844263772,0.14244030531463814
s03e12a,3,Identity,0.09233625599186014,0.18899369248232853,0.2008399578743014
s03e12b,3,Language,0.20173301183899284,0.29744965290372755,0.4105256903440777
s03e12b,3,Logic,0.12701802100509582,0.3608410044085464,0.2388631310815247
s03e13a,3,Language,0.37176656078063797,0.35516932175988275,0.1723860208382327
s03e13a,3,Logic,0.4012223804914125,0.39627715703377997,0.24657202515739052
s03e13a,3,Identity,0.2623122934247911,0.4384628734329163,0.2590033168231453
s03e13b,3,Language,0.20612225828334277,0.3454719393055004,0.30265629618649087
s03e13b,3,Logic,0.4142621347773143,0.37943312133873297,0.3207659966805681
s03e13b,3,Identity,0.5067777445887095,0.4173273474630597,0.12282821118043125
s03e14a,3,Language,0.11837243950868481,0.3583088019122684,0.31085257788992277
s03e14a,3,Logic,0.011699665231331584,0.29664273579620454,0.36099003343056174
s03e14b,3,Language,0.42570406845437675,0.43024140480586553,0.196674732780014
s03e14b,3,Logic,0.3256144654201258,0.3230989959454727,0.07170584064834977
s03e15a,3,Language,0.267455422697213,0.395291172495879,0.33361791981283284
s03e15a,3,Logic,0.2797429324475304,0.5400873148907926,0.27429048884077817
s03e15a,3,Identity,-0.14468835504062091,0.4623407240917318,0.17777628504314938
s03e15b,3,Language,-0.03953234624168356,0.2676816883226524,0.4288720953639025
s03e15b,3,Logic,0.2741811200968138,0.4142023077256387,0.23598316857230506
s03e16a,3,Language,-0.06639387602625181,0.08556629394918043,-0.2043106005856795
s03e16a,3,Logic,0.3465171652225579,0.4137886964815707,0.11114124886959838
s03e16a,3,Identity,0.21066744975171595,-0.003700168426768957,0.0331861669503318
s03e16b,3,Language,-0.05387052788470464,0.4978748960819422,0.014362282123126874
s03e16b,3,Logic,0.1439189732601197,0.3337671275361997,0.33163440110959536
s03e17a,3,Language,0.37377714765407005,0.5381954852760221,0.38498598197638995
s03e17a,3,Logic,0.1855129324286058,0.312303287763512,0.25544755920279905
s03e17b,3,Language,0.2845483012606423,0.4485695794917368,0.04022177588868756
s03e17b,3,Logic,-0.12000102275576714,0.3975534736631296,0.30446619205891984
s03e18a,3,Language,0.21771046926294627,0.3381269727177905,0.15135862861202065
s03e18a,3,Logic,0.16101032365009257,0.2932799342216781,0.17799569791874978
s03e18b,3,Language,0.2871927791792637,0.16514234151276921,-0.04400800077581419
s03e18b,3,Logic,0.18476547055658699,0.3394741927107392,0.25412670885529315
s03e18b,3,Identity,0.33353879231931843,0.5924922789525384,0.34315605212717415
s03e19a,3,Language,0.13189909271676867,0.5308456734352855,0.3242733740807783
s03e19a,3,Logic,0.2917796307236113,0.2680452744297644,0.23764594844232742
s03e19a,3,Identity,0.12815978518589174,0.16808187645057823,0.17969758233227706
s03e19b,3,Language,0.04652469246027724,0.20933889192376054,0.10950816979208096
s03e19b,3,Logic,0.41787351852037896,0.5557572995459207,0.03271707866204525
s03e20a,3,Language,0.18149420010895642,0.20606776099047053,0.02769290019818432
s03e20a,3,Logic,-0.030061268651839557,0.27099527744772983,0.158389651699667
s03e20b,3,Language,0.22072405785707974,0.17262909452822695,0.27279563284516894
s03e20b,3,Logic,0.21587472435049404,0.4218235361734573,0.162993002351604
s03e21a,3,Language,-0.17669015393286744,0.14851720948419514,0.21783737214143983
s03e21a,3,Logic,0.10765849522074013,0.5005496442875246,0.28982346149120597
s03e21a,3,Identity,-0.08606434361678518,0.33215191436793257,0.10301926212186041
s03e21b,3,Language,0.14841035317615767,0.3061264241943362,0.5503122303566835
s03e21b,3,Logic,0.45846105572788204,0.4538853814455601,0.27300183011331625
s03e22a,3,Language,0.36002314213006215,0.45433426024480195,0.3363844994632837
s03e22a,3,Logic,0.0042950343673058555,0.41930359916552357,0.3676896700585422
s03e22b,3,Language,0.2773220370750167,0.52364656657291,0.3210589547267726
s03e22b,3,Logic,0.24164616144357173,0.192678464468273,0.330207716912223
s03e23a,3,Language,0.04170839159580151,0.45170975447593137,-0.034250829495021166
s03e23a,3,Logic,0.44245110286888306,0.34132236206953176,0.35472457379960226
s03e23b,3,Logic,0.17193679964806088,0.2629366754218365,0.14327437268689816
s03e23b,3,Identity,0.08206243654597802,0.5490182080469025,0.24148764138151324
s03e24a,3,Language,0.06613996016235262,0.259350095974003,0.2631338914816574
s03e24a,3,Logic,0.17368642472463816,0.3782092824346149,0.10153283135354778
s03e24b,3,Language,0.20759977099351393,0.34635898263016623,-0.000611460406905847
s03e24b,3,Logic,0.11869358561787124,0.5724864517398374,0.36361252152658435
s03e25a,3,Language,0.16466719350938144,0.6321044594524877,0.25612294440868655
s03e25a,3,Logic,0.0725358897705458,0.12720702566736722,0.04949621535747262
s03e25a,3,Identity,-0.006087756408642657,0.40430517210020517,0.12322419462544831
s03e25b,3,Language,-0.054951301186273505,0.517121361606533,0.23262354019538248
s03e25b,3,Logic,0.027428998974163496,0.3305660465587871,-0.0017558641422610686
s04e02a,4,Language,0.29199352978020704,0.331829959407727,0.3318045997779782
s04e02a,4,Logic,0.014011816988107287,0.36660680173489224,0.22342593657128404
s04e02a,4,Identity,0.5492634909707713,0.5736112589104648,0.13775604272524886
s04e02b,4,Language,0.09631958022337568,0.6040121524071446,0.356910507432159
s04e02b,4,Logic,0.42087026842287417,0.4066257055789327,0.10297510139587385
s04e03a,4,Language,-0.06794641658047335,0.4424298561219156,0.025764999242807105
s04e03a,4,Logic,0.16641336728429434,0.2886312518445009,0.28420266026239144
s04e03b,4,Language,0.3470772997707218,0.5640505884074883,0.06757169039102741
s04e03b,4,Logic,0.2957314487812223,0.46203395851797185,0.26607843683837956
s04e04a,4,Language,0.19416942000431894,0.2494093849023368,-0.06606441014903283
s04e04a,4,Logic,0.17942721751973115,0.32761942471779,0.15643032305986773
s04e04a,4,Identity,0.5096582924094061,0.28062143071490947,0.39923689503319876
s04e04b,4,Language,0.1749245339081061,0.17594741828348923,0.3653066990065963
s04e04b,4,Logic,0.1574404800572615,0.3831490117549435,0.19905792962185143
s04e05a,4,Language,0.2117993844301395,0.47373092077354223,0.2856534742872117
s04e05a,4,Logic,0.2945360964955647,0.4992488562721568,0.2997120177809752
s04e05a,4,Identity,0.46557675008620675,0.5487008362773866,0.22744530770658797
s04e05b,4,Language,0.4926142131442754,0.34229277653186235,0.27343742681376265
s04e05b,4,Logic,0.44370362021889936,0.3082383920323648,0.08039875805013474
s04e05b,4,Identity,0.06706551634796781,0.4795450055725059,0.48503453585700873
s04e06a,4,Language,0.19957251455567282,0.7208914900621339,0.3068412873579062
s04e06a,4,Logic,0.23798131967163316,0.2459483068080248,0.12382883762501466
s04e06b,4,Language,0.001107092711045879,0.5756850036052307,0.4198254765965656
s04e06b,4,Logic,0.1725807943522272,0.41642035319896725,0.22768662388754954
s04e06b,4,Identity,0.7464513798425899,0.32875277384837914,-0.08734238800509726
s04e07a,4,Language,0.24464190341473002,0.5980396035193266,0.23471597060547322
s04e07a,4,Logic,0.07882107761047878,0.5412959864521715,0.13446230821742675
s04e07a,4,Identity,0.33437242193178435,0.4751615773980738,0.06484778200403372
s04e07b,4,Language,0.20319416016177042,0.45199755998659796,0.19641973954641434
s04e07b,4,Logic,-0.041561820260357187,0.31050823246906184,-0.0781097154930921
s04e07b,4,Identity,0.5749225076639745,0.42003689146948303,-0.07116554540636023
s04e08a,4,Language,0.20778498357166733,0.3597674046091129,0.5689893847826445
s04e08a,4,Logic,0.324759387478838,0.26117570840147974,0.2644877540218185
s04e08a,4,Identity,0.2877830395854487,0.3618744892153403,0.5650623116185457
s04e08b,4,Language,0.049421897224125176,0.45298504777268506,0.03363380561859744
s04e08b,4,Logic,0.12360572935801066,0.4638696827679383,0.19807670358757554
s04e09a,4,Language,0.14359508553982644,0.4217815325993654,0.05165180580290835
s04e09a,4,Logic,0.42990508578933023,0.5406588274994872,0.14571825385486875
s04e09a,4,Identity,-0.12816159222236434,0.31737423341552984,0.5732087196058154
s04e09b,4,Language,0.09516314337025465,0.5656921499957386,0.3026843842035468
s04e09b,4,Logic,0.029703793081513857,0.41001454386958947,0.1811762994013989
s04e10a,4,Language,0.1226419279409572,0.342440052048855,0.3194940917661331
s04e10a,4,Logic,0.3864845229513714,0.5459364505512427,0.21722992629040908
s04e10a,4,Identity,0.09246083172046454,0.25051615558281676,0.12416845753139416
s04e10b,4,Language,0.35147802323724847,0.49624261605933667,0.4541812858639223
s04e10b,4,Logic,0.2912280331027966,0.45417962641157833,0.22298573726487805
s04e11a,4,Language,0.31413571499373466,0.2535442108725032,0.257062069253622
s04e11a,4,Logic,0.14834728966619246,0.3714219944419462,0.32540393023791253
s04e11b,4,Logic,0.3317100508367328,0.3391425773436055,0.13858181182273724
s04e11b,4,Identity,0.1907064318303268,0.480052818942067,0.1538062553170896
s04e12a,4,Language,0.23258381262048825,0.4514693564848388,-0.05646273124128487
s04e12a,4,Logic,0.09435213673096504,0.39912285045017165,0.1550582724402713
s04e12a,4,Identity,-0.09568307238385848,0.5337535968687467,0.4196538976811648
s04e12b,4,Language,0.1323814259335737,0.3435139828392997,0.09552308987805029
s04e12b,4,Logic,0.11385937822101584,0.46779878699531247,0.23409678994945018
s04e14a,4,Language,0.12729793971319894,0.3992337736105546,0.2986127194409301
s04e14a,4,Logic,0.2670170224208775,0.2871733346167879,0.29677117858301555
s04e14b,4,Language,0.46484418301480157,0.6953044878783601,0.3283481323646542
s04e14b,4,Logic,0.0988523134552353,0.47629483437575376,0.3548868055266146
s04e15a,4,Language,0.32066055676890187,0.3512869776894682,0.2984122400230301
s04e15a,4,Logic,0.24068887310142942,0.3759078656951617,0.25376835174094325
s04e15b,4,Language,0.16586345104339514,0.2620746140845557,0.10452879474486267
s04e15b,4,Logic,0.19489118339289513,0.3857429278842457,0.21809414644478994
s04e15b,4,Identity,0.4956449190677992,0.5980116277969928,0.10276728861862416
s04e16a,4,Language,0.25952008784041664,0.10638200389022483,0.30256081768324433
s04e16a,4,Logic,0.21361655575954486,0.3422473824992076,0.20923363042937357
s04e16a,4,Identity,0.03754769667863741,0.2712096641376878,0.2208314961208507
s04e16b,4,Language,0.014235210267375925,0.17221480254812394,0.2331598792519474
s04e16b,4,Logic,0.334871321609765,0.5234734749196123,0.30819884443675755
s04e17a,4,Logic,0.2149873343896794,0.3716065391604227,0.17700978170812257
s04e17b,4,Language,0.13597817655176164,-0.001041362253221582,0.32270192476591175
s04e17b,4,Logic,-0.018258170066138984,0.13311959280858926,0.28534845986423435
s04e18a,4,Language,0.06378874102687876,0.6338914002543622,0.3330366554065222
s04e18a,4,Logic,0.265360853474741,0.3456122117084817,0.09896950198986972
s04e18b,4,Language,0.48831667325817146,0.32611917830221854,0.019691576562147848
s04e18b,4,Logic,0.09495591298372996,0.3562089147184569,0.18505075028016638
s04e18b,4,Identity,0.7037544602131293,0.3777507935399062,0.5201917488143613
s04e19a,4,Language,0.1578820099369695,0.40943255326406686,0.21914221023669922
s04e19a,4,Logic,0.05524426163463581,0.36834355419594167,0.1765753189930989
s04e19a,4,Identity,0.13908614628872487,0.18584135840287375,0.3005974317820718
s04e19b,4,Language,0.18130062938122973,0.7445360010784867,0.5635149029666225
s04e19b,4,Logic,0.2095588932190169,0.4915467687467621,0.29581710749908413
s04e20a,4,Language,-0.060886851937319575,0.042349164399069904,0.23935515513534703
s04e20a,4,Logic,0.1971233524627882,0.23533583472709094,0.2453412635916309
s04e20b,4,Language,0.30176172468880824,0.42443588664721354,0.3870750966123591
s04e20b,4,Logic,0.1519542005289916,0.2929188800506585,0.2592670257873357
s04e20b,4,Identity,0.16152251217396252,0.3010193633386762,0.1901087815595979
s04e21a,4,Language,0.05950320689087694,0.29055987648672194,0.5143054359371154
s04e21a,4,Logic,0.03837718085827737,0.316507109297105,0.257055315802946
s04e21a,4,Identity,0.23441245812068076,0.15122182679965523,0.37713365541703986
s04e21b,4,Language,0.06117501216042834,0.17611442312704517,0.3519341250147893
s04e21b,4,Logic,0.15185480783022035,0.3359532597950097,0.32637559898036533
s04e22a,4,Language,0.06576173108226362,0.39628314789917374,0.1749409653232832
s04e22a,4,Logic,0.13783742229346532,0.20165819056085674,0.15579653403491442
s04e22a,4,Identity,-0.05763043714909156,0.17157927548129204,0.015103728516845364
s04e22b,4,Language,0.04391420699116616,0.2005393942411006,-0.0032437681981321667
s04e22b,4,Logic,0.1691610303079355,0.2555417714144336,0.2298127090309544
s04e23a,4,Language,0.24553759579096088,0.4272173305643278,0.22125146895248862
s04e23a,4,Logic,0.10314900111246106,0.37263145767606826,0.18945831615217323
s04e23b,4,Language,0.03887902992312636,0.29137276107776755,0.2307713717116486
s04e23b,4,Logic,0.1156826893625954,0.4450708518665687,0.03601696097464507
s04e23b,4,Identity,-0.05543113533382965,0.7004672413396443,0.34795327735967074
s04e23c,4,Language,0.0728032248194579,0.4020167666810767,0.23174356821529773
s04e23c,4,Logic,-0.007376969754973106,0.2811863137401139,0.1423325748378743
s04e23c,4,Identity,-0.1373563566090595,0.4145128592932315,-0.12696456486709148
s04e23d,4,Language,0.40589799966025936,0.7043007251173847,0.25065686685629024
s04e23d,4,Logic,0.35484012178828267,0.25840574997345417,0.37709961506430484
s05e01a,5,Language,0.20213013317124795,0.22782138549784645,0.018495958974375133
s05e01a,5,Logic,0.19832731704222759,0.20015557114035962,0.21232709213848466
s05e01b,5,Language,0.27419242359542,0.25523603914309917,0.4573591971500668
s05e01b,5,Logic,0.2506392362918028,0.44917029547129816,0.2404755955072506
s05e02a,5,Language,0.4158880532518763,0.2216490675813995,0.059539603458429145
s05e02a,5,Logic,0.1377966882878275,0.3737735495281925,0.23578063123077744
s05e02a,5,Identity,0.5093912068118266,0.27933671907332625,0.19328154490253135
s05e02b,5,Language,0.39953657287188254,0.31912523854723035,0.145611214423891
s05e02b,5,Logic,0.0958055420201651,0.3817554716737397,0.17497751194367608
s05e03a,5,Language,0.21830505129147224,0.288135796884933,-0.12432780610404164
s05e03a,5,Logic,0.22012598128107727,0.4426209727034392,0.4244407063890498
s05e03b,5,Language,0.10832965034938073,0.2828413839923769,0.1700332920816804
s05e03b,5,Logic,0.02894343212909067,0.4729730321937982,0.07325581668595134
s05e03b,5,Identity,0.5093839083128656,0.4393784184930494,-0.18570132936116904
s05e04a,5,Language,0.26481644312692826,0.4639636582297691,0.4027061708142355
s05e04a,5,Logic,0.35956229631973446,0.5320422654267001,0.2809399745534233
s05e04b,5,Language,-0.07736537733336542,0.7783562393237075,0.06525885767297539
s05e04b,5,Logic,0.30857943851748093,0.5386134155074737,0.18946443225226317
s05e04b,5,Identity,0.5126593118691362,0.6641779081770715,0.3091569715028959
s05e05a,5,Language,0.2781458909994603,0.4297933348813708,0.1842599242877928
s05e05a,5,Logic,0.2520700271048602,0.37832176516849625,0.15904413057131425
s05e05b,5,Logic,0.2263675445248505,0.4643813809170371,0.23314350672717607
s05e06a,5,Language,0.11610811510413954,0.37189066397383835,0.20456042028357446
s05e06a,5,Logic,0.3617746664494275,0.32243197361258324,0.25790913236974666
s05e06b,5,Language,0.43392344506150793,0.24396014596523297,0.008634268386880571
s05e06b,5,Logic,0.17555460474784368,0.42305379313448155,0.22903360953355775
s05e06b,5,Identity,0.054879362312822255,0.2743025650544207,-0.02925357519005992
s05e07a,5,Language,0.025693264744874194,0.4400659095972062,0.31185092195758113
s05e07a,5,Logic,0.13312912654098058,0.3086345146052852,0.11253296145742225
s05e07a,5,Identity,0.28277440881748267,0.3928911576794519,0.3624353840175183
s05e07b,5,Language,0.26157804178180455,0.43123831160134274,0.23609532507813338
s05e07b,5,Logic,0.4245408258891629,0.42342027948689903,0.2449199724769645
s05e07b,5,Identity,0.1487109184458044,0.5677152097569573,0.42593278382768207
s05e08a,5,Language,0.30443011158276945,0.35567672541330825,0.015469089326360994
s05e08a,5,Logic,0.24112156300093782,0.152509350772696,0.14015942871837042
s05e08a,5,Identity,-0.1466294241184829,0.433470512217321,0.23927597746654294
s05e08b,5,Language,0.12447248694121531,-0.01583420926906755,0.37249504918201554
s05e08b,5,Logic,0.1593170679829815,0.2571201740441872,0.335518133196187
s05e09a,5,Language,0.13136753054107644,0.19236575603582326,0.1050081858190632
s05e09a,5,Logic,0.14872197578021515,0.4036645606691221,0.3055032554574699
s05e09a,5,Identity,0.10869049967175226,0.26440117030576565,-0.11317529013486323
s05e09b,5,Logic,0.11029761483512333,0.34765715553830506,0.0530727081174428
s05e09b,5,Identity,-0.07667096376820183,-0.08323898670527048,-0.016841216489486277
s05e10a,5,Logic,0.2680607487069074,0.39997319560415007,0.12308464849036593
s05e10b,5,Language,0.10500733743035133,0.4196513434667038,0.25741489307227233
s05e10b,5,Logic,0.25686366951385003,0.5595411715034947,0.3330882614437057
s05e10b,5,Identity,0.22195563455105147,0.6389575588405542,0.18911006933438726
s05e11a,5,Language,0.05472740990283383,0.4092040512307667,0.27419506293437984
s05e11a,5,Logic,0.21188201158201944,0.36453172205668327,0.22754579365974928
s05e11b,5,Language,0.061692615262712275,0.24218455309369788,0.12198874166738967
s05e11b,5,Logic,0.28119399927263194,0.44111738256512273,0.13568808799933305
s05e11b,5,Identity,-0.1950994207405734,-0.006114023472478247,-0.06148476836874515
s05e12a,5,Language,0.2029736113852644,0.2941912026925218,0.13665763078744075
s05e12a,5,Logic,0.293775672812302,0.24430225539165615,0.32502632569052176
s05e12b,5,Language,-0.009405061989037504,0.4881701411621675,0.2440284912438394
s05e12b,5,Logic,0.10309130545319452,0.4335777932537433,0.2872932551873288
s05e12b,5,Identity,-0.1607826358329372,-0.03778645099697572,0.1747351001435027
s05e13a,5,Language,0.4576071542244249,0.3920590525952969,0.58046841098742
s05e13a,5,Logic,-0.032383154439602393,0.42491443147989094,0.2077261806096715
s05e13a,5,Identity,0.35563170846891073,0.14155739394546554,0.39161067412344214
s05e13b,5,Language,0.022173580158338025,0.19162365516904104,0.33231293001838585
s05e13b,5,Logic,0.18510079407604418,0.4049808109778012,0.3295176492797191
s05e13b,5,Identity,-0.21552355152516042,0.0018618085552082515,0.33200290290114287
s05e14a,5,Language,-0.00189219246335515,0.03609407803673883,0.31091376286895894
s05e14a,5,Logic,0.21595956050293996,0.36780048884076316,0.22897208331846639
s05e14a,5,Identity,0.2550445047242776,0.23118203910281773,0.12110436424155334
s05e14b,5,Language,0.3578499174781478,0.5058818534473587,0.47118502476933327
s05e14b,5,Logic,0.15364527988127788,0.22068340857951244,0.18977561240225072
s05e15a,5,Language,0.17889061615558013,-0.004810020974849273,0.02852643777857915
s05e15a,5,Logic,0.3093069882866492,0.3555715958535572,0.2093827904837772
s05e15b,5,Language,0.17419523370732726,0.03695439207856729,0.5302896997883023
s05e15b,5,Logic,0.49372037094323645,0.2384965089305434,0.18193049112594803
s05e16a,5,Language,0.037537680580123495,0.2499535655821675,0.24889337948357426
s05e16a,5,Logic,0.30319756018962024,0.3195828014918881,0.24990478357989424
s05e16b,5,Language,0.21405867481132393,0.5414937354487314,0.3936661348392059
s05e16b,5,Logic,0.21692591300799427,0.25026373322741663,0.1843189873522891
s05e17a,5,Language,-0.10820304016990563,0.38991199542969707,0.3008344685553257
s05e17a,5,Logic,0.22518328681148916,0.3224542875178585,0.3177240567908021
s05e17a,5,Identity,0.18628821381807373,0.09174416371561293,0.20270776302900562
s05e17b,5,Language,0.14236092145043552,0.216988207190685,0.29281433182042266
s05e17b,5,Logic,0.21662594115209852,0.24314197503447965,0.25983009455799305
s05e17b,5,Identity,-0.045758382386238076,0.009805578320874864,0.018464099854075006
s05e18a,5,Language,0.2501880948265188,0.5668596846573114,0.08248781476085068
s05e18a,5,Logic,0.26722043273662144,0.4977898080491139,0.04343400912363845
s05e18a,5,Identity,0.48585503927809687,0.6807960453146796,0.304210126540339
s05e18b,5,Language,-0.0020358883361134192,0.4151496169407214,0.33526432264683587
s05e18b,5,Logic,0.11344943938612236,0.3935450013966684,0.14866405468593358
s05e18b,5,Identity,0.327819938700898,0.49907129582110993,0.01861268187499729
s05e19a,5,Language,0.11782311033331695,0.20475884959633492,0.20735617538141193
s05e19a,5,Logic,0.09208360313695012,0.5204930504016261,0.41620808994364195
s05e19a,5,Identity,0.02530593413877875,0.41448779160468724,0.18163697984455296
s05e19b,5,Language,0.016084376159687826,0.5155753295834934,0.20257289455017788
s05e19b,5,Logic,0.13692575685353384,0.24532509097447905,0.32467504234688366
s05e19b,5,Identity,0.24710776842518012,0.6733393046245401,0.4685918073490183
s05e21a,5,Language,0.31360805598043884,0.0984425164517258,0.5820656714996911
s05e21a,5,Logic,0.26782339456685755,0.3723648172234825,0.26630255373825523
s05e21a,5,Identity,0.22567038572527284,0.7755229402191762,0.1275281991612396
s05e21b,5,Language,0.09912647277816185,0.22079657681458612,0.3660908663880613
s05e21b,5,Logic,0.341968259150859,0.2722952899556816,0.242760562241345
s05e22a,5,Language,0.021565337266658175,0.006360006259473162,-0.03077718238596233
s05e22a,5,Logic,0.22175353176577448,0.43637930874117875,0.19829847485625485
s05e22b,5,Language,0.28697572275003425,0.5397185666016275,-0.02128983445944756
s05e22b,5,Logic,0.12313909960964399,0.3547629275407455,0.21318083428787168
s05e23a,5,Language,0.47530518698572916,0.2830955443699139,0.27021449001556636
s05e23a,5,Logic,0.15666345494467646,0.4728334274974819,0.2869571283412557
s05e23a,5,Identity,0.15884417236705978,0.6716959960022396,0.3070141006317429
s05e23b,5,Language,0.15468608969111472,0.5664281556827002,0.2196200135434642
s05e23b,5,Logic,0.3360669728800252,0.40994663923537544,0.09424062237821638
s05e23c,5,Language,0.21995764005534815,0.4461688496006136,0.32492514592519545
s05e23c,5,Logic,0.0886995941814187,0.47231507360948655,0.31155633408376887
s05e23d,5,Language,0.16760955949673254,0.37216148972672086,0.2815478019736759
s05e23d,5,Logic,0.1529175361177218,0.44882705890487323,0.32099458744052173
s05e23d,5,Identity,0.13575868155530044,0.23640278013426855,0.24689286361175714
s06e01a,6,Language,0.1789092519320923,0.5516173302544022,0.2338697104146221
s06e01a,6,Logic,0.24473654023176702,0.280862230528744,0.13391351880218536
s06e01b,6,Language,0.2993688902921565,0.5008417925025972,0.36341072328654916
s06e01b,6,Logic,0.3094964508791515,0.5082676713604024,0.3247925157822515
s06e01b,6,Identity,0.28063721004801073,0.3304456199746147,0.4186600597208194
s06e02a,6,Language,0.5117835911201861,0.4812670819991453,0.7197113382651228
s06e02a,6,Logic,0.2846575676141631,0.34433699484714303,0.1953529185596481
s06e02a,6,Identity,0.2935971183045175,0.5190693045493453,0.5427901324652313
s06e02b,6,Language,0.07098067789735578,0.3611680066252132,0.03151942407950934
s06e02b,6,Logic,0.20799664811317495,0.4355437317126898,0.36318799551221903
s06e04a,6,Language,0.22728648536308824,0.2536161910358991,0.14603252843032283
s06e04a,6,Logic,0.23971299538244106,0.4701421236159367,0.1461456736666518
s06e04b,6,Language,0.11126643042689362,0.28720422106790355,0.25828561623347546
s06e04b,6,Logic,0.1404452906197226,0.3806455048916728,0.14638234827512653
s06e05a,6,Language,0.15375526824253583,0.4461720872165467,0.1876501044574841
s06e05a,6,Logic,0.26385455682140463,0.5164829745263875,0.22292913588184246
s06e05a,6,Identity,0.38717572647807996,0.8050246563374445,0.2759457095307626
s06e05b,6,Language,0.28011392957151454,0.42850740594237124,0.22670546236422792
s06e05b,6,Logic,0.23302377827314583,0.3221489384222345,0.2924931753781795
s06e06a,6,Language,0.5433401230881659,0.22835153532753016,0.15906839079471244
s06e06a,6,Logic,0.16827857051402637,0.3889890448874576,0.15083784892715388
s06e06a,6,Identity,0.44024450686913896,0.3353581679880126,0.18599567182103105
s06e06b,6,Language,0.3483644771302274,0.15425230737897147,0.13523478662911548
s06e06b,6,Logic,0.0038437209996217323,0.3273125949131057,0.06580124663562754
s06e07a,6,Language,0.4062477568933243,0.3553064370106747,0.29525540701633357
s06e07a,6,Logic,0.04360873136716353,0.2922212291200042,0.24102715531195998
s06e07a,6,Identity,0.4706340615161289,0.25876444339907395,-0.024211674641482984
s06e07b,6,Language,0.2119786438723987,0.5509501815686803,0.4618981406820775
s06e07b,6,Logic,0.06802564282005315,0.3074659771100918,0.375532321054449
s06e07b,6,Identity,0.1985444271311323,-0.08001946536532045,0.18598545220871496
s06e08a,6,Logic,0.12078423184517002,0.40549692368326107,0.3069336579620525
s06e08a,6,Identity,0.22518154200775312,0.3985580218366494,0.19798664867874294
s06e08b,6,Language,0.6110269267740365,0.3457685618131539,0.30443415723823075
s06e08b,6,Logic,0.32506723932006043,0.2991382582600769,0.23374668343405422
s06e08b,6,Identity,0.1540838319039483,0.23480221897173878,0.2612025348051368
s06e09a,6,Language,0.27775226779868545,0.37249581824259176,0.16439358315629363
s06e09a,6,Logic,0.050596427697368794,0.41757481768117444,0.12451849997222626
s06e09a,6,Identity,0.4220401952106229,0.09974996184242474,0.14423748621069613
s06e09b,6,Language,0.3270688225448434,0.2033037390407637,-0.004631154183461143
s06e09b,6,Logic,0.26850626837908015,0.3233848863459191,0.12811484409146204
s06e10a,6,Language,0.008709752373316964,0.4838855729073661,0.2871676348799725
s06e10a,6,Logic,0.09938420386745465,0.2907078018972623,0.06842865721237244
s06e10a,6,Identity,0.25319876411339526,0.26059189631736274,0.34982030484528326
s06e10b,6,Language,0.28723930922810287,0.2784122009918631,0.14464699098843672
s06e10b,6,Logic,0.08646222643265204,0.42821412977716794,0.157374637936748
s06e10b,6,Identity,0.11577910151745945,0.30119579430000853,0.35210205753173013
s06e11a,6,Language,0.3523886795183993,0.5381200274703254,0.19142185483778387
s06e11a,6,Logic,0.0771517080356003,0.3864671025731931,0.24910916135730496
s06e11a,6,Identity,0.21212659535044068,0.5303591035215224,-0.09640962038812902
s06e11b,6,Language,0.1302837618140166,0.5468102354236861,0.2599602836725607
s06e11b,6,Logic,0.2838327860563196,0.5253153685234168,0.24899869454273335
s06e11b,6,Identity,0.040573193417677234,0.30233407079279334,0.15912744957601654
s06e12a,6,Language,0.1947873831870507,0.43190843830282794,0.5100569600279564
s06e12a,6,Logic,0.13756664403042582,0.4395555626389584,0.197709615155632
s06e12a,6,Identity,-0.21290943999379688,0.026233061013979823,0.28506947736326055
s06e12b,6,Language,-0.12407678438496174,0.04622365056957387,-0.08974583672412988
s06e12b,6,Logic,-0.052328413793993465,0.4231846687168386,0.26418736724612274
s06e12b,6,Identity,0.0540305436778623,0.24632982540333392,-0.014193589679178836
s06e13a,6,Language,0.10041143331116574,0.19866250030009394,0.47208392784971376
s06e13a,6,Logic,0.09350339213977692,0.4355740348428509,0.33977446572822784
s06e13a,6,Identity,0.3249872071747421,0.5028478916150682,0.20191775793397868
s06e13b,6,Language,0.17173344378394298,0.5729453351235944,0.0391717341426019
s06e13b,6,Logic,0.09591271982161696,0.3937660659922227,0.1384178256314342
s06e13b,6,Identity,0.23510156337916396,0.31316225390949465,0.04827675065136672
s06e14a,6,Language,0.2794584901888609,0.5318249473673016,0.04911908786969804
s06e14a,6,Logic,0.11365837453317555,0.23678039477504673,0.2449148614647004
s06e14a,6,Identity,0.02122685220102065,0.599648835198685,0.3551251591259305
s06e14b,6,Language,0.17237677346251626,0.4910085914606738,0.42440255403805244
s06e14b,6,Logic,0.2990376510455525,0.3326932937734204,0.2842118098232706
s06e14b,6,Identity,0.25643733084079645,0.6244851315541798,0.03522956013702102
s06e15a,6,Language,0.10519608051273638,0.37619795446557874,0.5191807120505908
s06e15a,6,Logic,0.3139035005810066,0.356524652366262,0.17712820844309643
s06e15b,6,Language,0.26473886901315113,0.4488673988886826,0.034102665857821415
s06e15b,6,Logic,0.035070292781482444,0.6172439405322933,0.23872601268150498
s06e15b,6,Identity,0.12309547806445248,0.6286145742181646,0.2955335045752179
s06e15c,6,Language,0.07406452748841891,0.623448714584354,0.39532659931732045
s06e15c,6,Logic,0.1912415122240901,0.6887562958321704,0.21083141819469467
s06e15d,6,Language,-0.12222870227677658,0.40596000020803286,0.48107901402021547
s06e15d,6,Logic,0.20505366609564568,0.5023308337538065,0.16636571186015797
s06e15d,6,Identity,0.07369877136937582,0.24112188355775457,0.13856127606954755
s06e17a,6,Language,0.21111531966688626,0.30745325131722073,0.24674666429474704
s06e17a,6,Logic,0.38542134775672027,0.390720959364487,0.26727395621374206
s06e17b,6,Language,0.0047408502311590784,0.6181439285800356,0.4065083600401819
s06e17b,6,Logic,0.3631412656378565,0.3819493240429492,0.2702779141517531
s06e18a,6,Language,0.17094865136491433,0.11040626779978756,0.21578668659158742
s06e18a,6,Logic,0.09659051733179669,0.17231558326291108,0.28160101542920596
s06e18b,6,Language,0.12336773235174765,0.12263205826207517,-0.10252099073580016
s06e18b,6,Logic,0.1574539172542103,0.08995031669150001,0.12446344787971157
s06e19a,6,Language,0.4866629443788777,0.4419078970394838,0.18671337778557742
s06e19a,6,Logic,0.1767930792694463,0.1501084479373839,0.23917812351909637
s06e19b,6,Language,0.03811158021414011,0.3640602190043391,0.1121616992903199
s06e19b,6,Logic,0.2558088343043024,0.2846448358423836,0.20952602651493527
s06e19b,6,Identity,0.14105796212616903,0.41176656969323955,-0.13845750563657505
s06e20a,6,Language,-0.07594215237330675,0.47391504245978194,0.2255286310820662
s06e20a,6,Logic,0.30114265479939956,0.4817495747686907,0.18709531302096186
s06e20b,6,Language,0.0672623331970737,0.2890588618197187,0.06871256240462106
s06e20b,6,Logic,0.17207823755201543,0.5595618491135985,0.24905581623730974
s06e20b,6,Identity,0.3627668251576944,0.09329521451725786,0.22758720603423208
s06e21a,6,Language,0.03836170750024485,0.305103061159659,0.13203563023581597
s06e21a,6,Logic,0.15367248971823824,0.22686902232144482,0.061499777081688155
s06e21b,6,Language,0.307038605739044,0.40196571436882716,0.17443818623928808
s06e21b,6,Logic,0.2768235119967008,0.40693131654594955,0.07750685798083197
s06e21b,6,Identity,0.42557633622820923,0.6094185196073371,0.3625890381945797
s06e22a,6,Language,0.6155915853524107,0.22484463547884206,0.48835215996086156
s06e22a,6,Logic,0.41381638092523,0.4117313471474085,0.19855241995569695
s06e22b,6,Language,0.06939019303494831,0.3984769455462964,0.23262900532285768
s06e22b,6,Logic,0.1443642693556212,0.24366552269998332,0.12268270838876334
s06e22b,6,Identity,0.4277772002838842,0.3601263273164823,0.29573821196899214
s06e23a,6,Language,0.3006230570838394,0.38281956636891795,0.37076026127076595
s06e23a,6,Logic,0.1839488785440437,0.34591994213929067,0.28829710202506575
s06e23b,6,Language,0.15615279762278408,0.3108148702431641,0.33807700744142494
s06e23b,6,Logic,0.1439581358896388,0.11626698778443088,0.1964378763722874
