episode,season,n_trs,n_rois,excluded,sub-01_valid_trs,sub-01_status,sub-02_valid_trs,sub-02_status,sub-03_valid_trs,sub-03_status,sub-05_valid_trs,sub-05_status
s01e02a,s01,472,1032,False,472,full,472,full,472,full,472,full
s01e02b,s01,472,1032,False,472,full,472,full,472,full,472,full
s01e03a,s01,503,1032,False,503,full,503,full,503,full,503,full
s01e03b,s01,503,1032,False,503,full,503,full,503,full,503,full
s01e04a,s01,468,1032,False,468,full,468,full,468,full,468,full
s01e04b,s01,468,1032,False,468,full,468,full,468,full,468,full
s01e05a,s01,488,1032,False,488,full,488,full,488,full,488,full
s01e05b,s01,488,1032,False,488,full,488,full,488,full,488,full
s01e06a,s01,482,1032,False,482,full,482,full,482,full,482,full
s01e06b,s01,482,1032,False,482,full,482,full,482,full,482,full
s01e07a,s01,493,1032,False,493,full,493,full,493,full,493,full
s01e07b,s01,493,1032,False,493,full,493,full,493,full,493,full
s01e08a,s01,476,1032,False,476,full,476,full,476,full,476,full
s01e08b,s01,476,1032,False,476,full,476,full,476,full,476,full
s01e09a,s01,468,1032,False,468,full,468,full,468,full,468,full
s01e09b,s01,468,1032,False,468,full,468,full,468,full,468,full
s01e10a,s01,496,1032,False,496,full,496,full,496,full,496,full
s01e10b,s01,496,1032,False,0,missing,496,full,496,full,496,full
s01e11a,s01,477,1032,False,477,full,477,full,477,full,477,full
s01e11b,s01,477,1032,False,477,full,477,full,477,full,477,full
s01e12a,s01,472,1032,False,472,full,472,full,472,full,472,full
s01e12b,s01,471,1032,False,471,full,471,full,471,full,471,full
s01e13a,s01,468,1032,False,468,full,468,full,468,full,468,full
s01e13b,s01,468,1032,False,468,full,468,full,468,full,468,full
s01e14a,s01,491,1032,False,491,full,491,full,491,full,491,full
s01e14b,s01,491,1032,False,491,full,491,full,491,full,491,full
s01e15a,s01,477,1032,False,477,full,477,full,477,full,477,full
s01e15b,s01,477,1032,False,477,full,477,full,477,full,477,full
s01e16a,s01,483,1032,False,483,full,483,full,483,full,483,full
s01e16b,s01,483,1032,False,483,full,483,full,483,full,483,full
s01e17a,s01,483,1032,False,483,full,483,full,483,full,483,full
s01e17b,s01,483,1032,False,483,full,483,full,483,full,483,full
s01e18a,s01,497,1032,False,497,full,497,full,497,full,497,full
s01e18b,s01,497,1032,False,497,full,497,full,497,full,497,full
s01e19a,s01,460,1032,False,460,full,460,full,460,full,460,full
s01e19b,s01,460,1032,False,460,full,460,full,460,full,460,full
s01e20a,s01,460,1032,False,460,full,460,full,460,full,460,full
s01e20b,s01,460,1032,False,460,full,460,full,460,full,460,full
s01e21a,s01,477,1032,False,477,full,477,full,477,full,477,full
s01e21b,s01,477,1032,False,477,full,477,full,477,full,477,full
s01e22a,s01,474,1032,False,0,missing,474,full,474,full,474,full
s01e22b,s01,474,1032,False,474,full,474,full,474,full,474,full
s01e23a,s01,462,1032,False,462,full,462,full,462,full,462,full
s01e23b,s01,462,1032,False,462,full,462,full,462,full,462,full
s01e24a,s01,515,1032,False,515,full,515,full,0,missing,515,full
s01e24b,s01,515,1032,False,515,full,515,full,515,full,515,full
s02e01a,s02,477,1032,False,477,full,477,full,477,full,477,full
s02e01b,s02,477,1032,False,477,full,477,full,477,full,477,full
s02e02a,s02,450,1032,False,450,full,450,full,450,full,450,full
s02e02b,s02,450,1032,False,450,full,450,full,450,full,450,full
s02e03a,s02,464,1032,False,464,full,464,full,464,full,464,full
s02e03b,s02,464,1032,False,464,full,464,full,464,full,464,full
s02e04a,s02,454,1032,False,454,full,454,full,454,full,454,full
s02e04b,s02,454,1032,False,454,full,454,full,454,full,454,full
s02e05a,s02,455,1032,False,455,full,455,full,455,full,455,full
s02e05b,s02,455,1032,False,455,full,455,full,455,full,455,full
s02e06a,s02,500,1032,False,500,full,500,full,500,full,500,full
s02e06b,s02,500,1032,False,500,full,500,full,500,full,500,full
s02e07a,s02,496,1032,False,496,full,496,full,496,full,496,full
s02e07b,s02,496,1032,False,496,full,496,full,496,full,496,full
s02e08a,s02,458,1032,False,458,full,458,full,458,full,458,full
s02e08b,s02,458,1032,False,458,full,458,full,458,full,458,full
s02e09a,s02,452,1032,False,452,full,452,full,452,full,452,full
s02e09b,s02,452,1032,False,452,full,452,full,452,full,452,full
s02e10a,s02,479,1032,False,479,full,479,full,479,full,479,full
s02e10b,s02,479,1032,False,479,full,479,full,479,full,479,full
s02e11a,s02,488,1032,False,488,full,488,full,488,full,488,full
s02e11b,s02,488,1032,False,488,full,488,full,488,full,488,full
s02e12a,s02,488,1032,False,488,full,488,full,488,full,488,full
s02e12b,s02,488,1032,False,488,full,488,full,488,full,488,full
s02e13a,s02,488,1032,False,488,full,488,full,488,full,488,full
s02e13b,s02,488,1032,False,488,full,488,full,488,full,488,full
s02e14a,s02,474,1032,False,474,full,474,full,474,full,474,full
s02e14b,s02,474,1032,False,474,full,474,full,474,full,474,full
s02e15a,s02,466,1032,False,466,full,0,missing,466,full,466,full
s02e15b,s02,466,1032,False,466,full,466,full,466,full,466,full
s02e16a,s02,478,1032,False,478,full,478,full,478,full,478,full
s02e16b,s02,478,1032,False,478,full,478,full,478,full,478,full
s02e17a,s02,489,1032,False,489,full,489,full,489,full,489,full
s02e17b,s02,489,1032,False,489,full,489,full,489,full,489,full
s02e18a,s02,460,1032,False,460,full,460,full,460,full,460,full
s02e18b,s02,460,1032,False,460,full,460,full,460,full,460,full
s02e19a,s02,478,1032,False,478,full,478,full,478,full,478,full
s02e19b,s02,478,1032,False,478,full,478,full,478,full,478,full
s02e20a,s02,449,1032,False,449,full,449,full,449,full,449,full
s02e20b,s02,449,1032,False,449,full,449,full,449,full,449,full
s02e21a,s02,470,1032,False,470,full,470,full,0,missing,470,full
s02e21b,s02,470,1032,False,470,full,470,full,470,full,470,full
s02e22a,s02,453,1032,False,453,full,453,full,453,full,453,full
s02e22b,s02,453,1032,False,453,full,453,full,453,full,453,full
s02e23a,s02,456,1032,False,456,full,456,full,456,full,456,full
s02e23b,s02,456,1032,False,456,full,456,full,456,full,456,full
s02e24a,s02,469,1032,False,469,full,469,full,469,full,469,full
s02e24b,s02,469,1032,False,469,full,469,full,469,full,469,full
s03e01a,s03,491,1032,False,491,full,491,full,491,full,491,full
s03e01b,s03,491,1032,False,491,full,491,full,491,full,491,full
s03e02a,s03,475,1032,False,475,full,475,full,475,full,475,full
s03e02b,s03,475,1032,False,475,full,475,full,475,full,475,full
s03e03a,s03,454,1032,False,454,full,454,full,454,full,454,full
s03e03b,s03,454,1032,False,454,full,454,full,454,full,454,full
s03e04a,s03,473,1032,False,473,full,473,full,473,full,473,full
s03e04b,s03,473,1032,False,473,full,473,full,473,full,473,full
s03e05a,s03,484,1032,False,484,full,484,full,484,full,484,full
s03e05b,s03,484,1032,False,484,full,0,missing,484,full,484,full
s03e06a,s03,470,1032,False,470,full,470,full,470,full,470,full
s03e06b,s03,470,1032,False,470,full,470,full,470,full,470,full
s03e07a,s03,467,1032,False,467,full,467,full,467,full,467,full
s03e07b,s03,467,1032,False,467,full,467,full,467,full,467,full
s03e08a,s03,460,1032,False,460,full,460,full,460,full,460,full
s03e08b,s03,460,1032,False,460,full,460,full,460,full,460,full
s03e09a,s03,493,1032,False,493,full,493,full,493,full,493,full
s03e09b,s03,493,1032,False,493,full,493,full,493,full,493,full
s03e10a,s03,451,1032,False,451,full,451,full,451,full,451,full
s03e10b,s03,451,1032,False,451,full,451,full,451,full,451,full
s03e11a,s03,457,1032,False,457,full,457,full,457,full,457,full
s03e11b,s03,456,1032,False,456,full,456,full,456,full,456,full
s03e12a,s03,464,1032,False,464,full,464,full,464,full,464,full
s03e12b,s03,464,1032,False,464,full,464,full,464,full,464,full
s03e13a,s03,474,1032,False,474,full,474,full,474,full,474,full
s03e13b,s03,473,1032,False,473,full,473,full,473,full,473,full
s03e14a,s03,458,1032,False,458,full,458,full,458,full,458,full
s03e14b,s03,458,1032,False,458,full,458,full,458,full,458,full
s03e15a,s03,458,1032,False,458,full,458,full,458,full,458,full
s03e15b,s03,458,1032,False,458,full,458,full,458,full,458,full
s03e16a,s03,468,1032,False,468,full,468,full,468,full,468,full
s03e16b,s03,468,1032,False,468,full,468,full,468,full,468,full
s03e17a,s03,454,1032,False,454,full,454,full,454,full,454,full
s03e17b,s03,453,1032,False,0,missing,453,full,453,full,453,full
s03e18a,s03,469,1032,False,469,full,469,full,469,full,469,full
s03e18b,s03,469,1032,False,469,full,469,full,469,full,469,full
s03e19a,s03,468,1032,False,468,full,468,full,468,full,468,full
s03e19b,s03,468,1032,False,468,full,468,full,468,full,468,full
s03e20a,s03,464,1032,False,464,full,464,full,464,full,464,full
s03e20b,s03,464,1032,False,464,full,464,full,464,full,464,full
s03e21a,s03,460,1032,False,460,full,460,full,460,full,460,full
s03e21b,s03,460,1032,False,460,full,460,full,460,full,460,full
s03e22a,s03,463,1032,False,463,full,463,full,463,full,463,full
s03e22b,s03,463,1032,False,463,full,463,full,463,full,463,full
s03e23a,s03,470,1032,False,470,full,470,full,470,full,470,full
s03e23b,s03,470,1032,False,470,full,470,full,470,full,470,full
s03e24a,s03,454,1032,False,454,full,454,full,454,full,454,full
s03e24b,s03,454,1032,False,454,full,454,full,454,full,454,full
s03e25a,s03,479,1032,False,479,full,479,full,479,full,479,full
s03e25b,s03,479,1032,False,479,full,479,full,479,full,479,full
s04e01a,s04,468,1032,True,468,full,468,full,468,full,19,partial
s04e01b,s04,468,1032,True,468,full,468,full,468,full,32,partial
s04e02a,s04,478,1032,False,478,full,478,full,478,full,478,full
s04e02b,s04,478,1032,False,478,full,478,full,478,full,478,full
s04e03a,s04,445,1032,False,445,full,445,full,445,full,445,full
s04e03b,s04,445,1032,False,445,full,445,full,445,full,445,full
s04e04a,s04,453,1032,False,453,full,453,full,453,full,453,full
s04e04b,s04,453,1032,False,453,full,453,full,453,full,453,full
s04e05a,s04,471,1032,False,471,full,471,full,471,full,471,full
s04e05b,s04,471,1032,False,471,full,471,full,471,full,471,full
s04e06a,s04,465,1032,False,465,full,465,full,465,full,465,full
s04e06b,s04,465,1032,False,465,full,465,full,0,missing,465,full
s04e07a,s04,497,1032,False,497,full,497,full,497,full,497,full
s04e07b,s04,497,1032,False,497,full,497,full,497,full,497,full
s04e08a,s04,503,1032,False,503,full,503,full,503,full,503,full
s04e08b,s04,503,1032,False,503,full,503,full,503,full,503,full
s04e09a,s04,441,1032,False,441,full,441,full,441,full,441,full
s04e09b,s04,441,1032,False,441,full,441,full,441,full,441,full
s04e10a,s04,449,1032,False,449,full,449,full,449,full,449,full
s04e10b,s04,449,1032,False,449,full,449,full,449,full,449,full
s04e11a,s04,483,1032,False,483,full,483,full,483,full,483,full
s04e11b,s04,483,1032,False,483,full,483,full,483,full,483,full
s04e12a,s04,466,1032,False,466,full,466,full,466,full,466,full
s04e12b,s04,466,1032,False,466,full,466,full,466,full,466,full
s04e13a,s04,448,1032,True,448,full,448,full,448,full,448,full
s04e13b,s04,448,1032,True,448,full,448,full,448,full,192,partial
s04e14a,s04,447,1032,False,447,full,447,full,447,full,447,full
s04e14b,s04,447,1032,False,447,full,447,full,447,full,447,full
s04e15a,s04,444,1032,False,444,full,444,full,444,full,444,full
s04e15b,s04,444,1032,False,444,full,444,full,444,full,444,full
s04e16a,s04,487,1032,False,487,full,487,full,487,full,487,full
s04e16b,s04,487,1032,False,0,missing,487,full,487,full,487,full
s04e17a,s04,478,1032,False,478,full,478,full,478,full,478,full
s04e17b,s04,478,1032,False,478,full,478,full,478,full,478,full
s04e18a,s04,450,1032,False,450,full,450,full,450,full,450,full
s04e18b,s04,450,1032,False,450,full,450,full,450,full,450,full
s04e19a,s04,437,1032,False,437,full,437,full,437,full,437,full
s04e19b,s04,437,1032,False,437,full,437,full,437,full,437,full
s04e20a,s04,447,1032,False,447,full,447,full,447,full,447,full
s04e20b,s04,447,1032,False,447,full,447,full,447,full,447,full
s04e21a,s04,448,1032,False,448,full,448,full,448,full,448,full
s04e21b,s04,448,1032,False,448,full,448,full,448,full,448,full
s04e22a,s04,459,1032,False,459,full,459,full,459,full,459,full
s04e22b,s04,459,1032,False,459,full,459,full,459,full,459,full
s04e23a,s04,505,1032,False,505,full,505,full,505,full,505,full
s04e23b,s04,504,1032,False,504,full,504,full,504,full,504,full
s04e23c,s04,504,1032,False,504,full,504,full,504,full,504,full
s04e23d,s04,504,1032,False,504,full,504,full,504,full,504,full
s05e01a,s05,439,1032,False,439,full,439,full,439,full,439,full
s05e01b,s05,474,1032,False,474,full,474,full,474,full,474,full
s05e02a,s05,495,1032,False,495,full,495,full,495,full,495,full
s05e02b,s05,531,1032,False,531,full,531,full,531,full,531,full
s05e03a,s05,444,1032,False,444,full,444,full,444,full,444,full
s05e03b,s05,474,1032,False,474,full,474,full,474,full,474,full
s05e04a,s05,488,1032,False,488,full,488,full,488,full,488,full
s05e04b,s05,524,1032,False,524,full,524,full,524,full,524,full
s05e05a,s05,486,1032,False,486,full,486,full,486,full,486,full
s05e05b,s05,521,1032,False,521,full,521,full,521,full,521,full
s05e06a,s05,459,1032,False,459,full,459,full,459,full,459,full
s05e06b,s05,493,1032,False,493,full,493,full,493,full,493,full
s05e07a,s05,459,1032,False,459,full,459,full,459,full,459,full
s05e07b,s05,493,1032,False,493,full,493,full,493,full,493,full
s05e08a,s05,446,1032,False,446,full,446,full,446,full,446,full
s05e08b,s05,480,1032,False,480,full,480,full,480,full,480,full
s05e09a,s05,456,1032,False,456,full,456,full,456,full,456,full
s05e09b,s05,490,1032,False,490,full,490,full,490,full,490,full
s05e10a,s05,450,1032,False,450,full,450,full,450,full,450,full
s05e10b,s05,484,1032,False,484,full,484,full,484,full,484,full
s05e11a,s05,476,1032,False,476,full,476,full,476,full,476,full
s05e11b,s05,511,1032,False,511,full,0,missing,511,full,511,full
s05e12a,s05,445,1032,False,445,full,445,full,445,full,445,full
s05e12b,s05,480,1032,False,480,full,480,full,480,full,480,full
s05e13a,s05,460,1032,False,460,full,460,full,460,full,460,full
s05e13b,s05,494,1032,False,494,full,494,full,494,full,494,full
s05e14a,s05,486,1032,False,486,full,486,full,486,full,486,full
s05e14b,s05,520,1032,False,520,full,520,full,520,full,520,full
s05e15a,s05,443,1032,False,443,full,443,full,443,full,443,full
s05e15b,s05,477,1032,False,477,full,477,full,477,full,477,full
s05e16a,s05,485,1032,False,485,full,485,full,485,full,485,full
s05e16b,s05,519,1032,False,519,full,519,full,519,full,519,full
s05e17a,s05,452,1032,False,452,full,452,full,452,full,452,full
s05e17b,s05,486,1032,False,486,full,486,full,486,full,486,full
s05e18a,s05,501,1032,False,501,full,501,full,501,full,501,full
s05e18b,s05,535,1032,False,535,full,535,full,535,full,535,full
s05e19a,s05,446,1032,False,446,full,446,full,446,full,446,full
s05e19b,s05,480,1032,False,480,full,480,full,480,full,480,full
s05e20a,s05,456,1032,True,456,full,456,full,443,full,456,full
s05e20b,s05,490,1032,True,490,full,490,full,490,full,490,full
s05e21a,s05,444,1032,False,444,full,444,full,444,full,444,full
s05e21b,s05,478,1032,False,478,full,478,full,478,full,478,full
s05e22a,s05,450,1032,False,450,full,450,full,450,full,450,full
s05e22b,s05,484,1032,False,0,missing,484,full,484,full,484,full
s05e23a,s05,454,1032,False,454,full,454,full,454,full,454,full
s05e23b,s05,458,1032,False,458,full,458,full,458,full,458,full
s05e23c,s05,458,1032,False,458,full,458,full,458,full,458,full
s05e23d,s05,488,1032,False,488,full,488,full,488,full,488,full
s06e01a,s06,465,1032,False,465,full,465,full,465,full,465,full
s06e01b,s06,499,1032,False,499,full,499,full,499,full,499,full
s06e02a,s06,453,1032,False,453,full,453,full,453,full,453,full
s06e02b,s06,487,1032,False,487,full,487,full,487,full,487,full
s06e03a,s06,439,1032,True,439,full,439,full,0,missing,439,full
s06e03b,s06,473,1032,True,473,full,473,full,473,full,473,full
s06e04a,s06,439,1032,False,439,full,439,full,439,full,439,full
s06e04b,s06,474,1032,False,474,full,474,full,474,full,474,full
s06e05a,s06,452,1032,False,452,full,452,full,452,full,452,full
s06e05b,s06,486,1032,False,486,full,486,full,486,full,486,full
s06e06a,s06,443,1032,False,443,full,443,full,443,full,443,full
s06e06b,s06,478,1032,False,478,full,478,full,478,full,478,full
s06e07a,s06,445,1032,False,445,full,445,full,445,full,445,full
s06e07b,s06,479,1032,False,479,full,479,full,479,full,0,missing
s06e08a,s06,438,1032,False,438,full,438,full,438,full,438,full
s06e08b,s06,472,1032,False,472,full,472,full,472,full,472,full
s06e09a,s06,504,1032,False,504,full,504,full,504,full,504,full
s06e09b,s06,537,1032,False,537,full,537,full,537,full,537,full
s06e10a,s06,466,1032,False,466,full,466,full,466,full,466,full
s06e10b,s06,500,1032,False,500,full,500,full,500,full,500,full
s06e11a,s06,450,1032,False,450,full,450,full,450,full,450,full
s06e11b,s06,484,1032,False,484,full,484,full,484,full,484,full
s06e12a,s06,435,1032,False,435,full,435,full,435,full,435,full
s06e12b,s06,470,1032,False,470,full,470,full,470,full,470,full
s06e13a,s06,470,1032,False,470,full,470,full,470,full,470,full
s06e13b,s06,504,1032,False,504,full,504,full,504,full,504,full
s06e14a,s06,461,1032,False,461,full,461,full,461,full,461,full
s06e14b,s06,495,1032,False,495,full,24,partial,495,full,495,full
s06e15a,s06,456,1032,False,456,full,456,full,456,full,456,full
s06e15b,s06,460,1032,False,460,full,460,full,460,full,460,full
s06e15c,s06,460,1032,False,460,full,460,full,460,full,460,full
s06e15d,s06,490,1032,False,490,full,490,full,490,full,490,full
s06e17a,s06,428,1032,False,428,full,428,full,428,full,428,full
s06e17b,s06,462,1032,False,462,full,462,full,462,full,462,full
s06e18a,s06,435,1032,False,435,full,435,full,435,full,435,full
s06e18b,s06,470,1032,False,470,full,470,full,0,missing,470,full
s06e19a,s06,434,1032,False,434,full,434,full,434,full,434,full
s06e19b,s06,468,1032,False,468,full,468,full,468,full,468,full
s06e20a,s06,431,1032,False,431,full,431,full,431,full,431,full
s06e20b,s06,465,1032,False,465,full,465,full,465,full,465,full
s06e21a,s06,460,1032,False,460,full,460,full,460,full,460,full
s06e21b,s06,494,1032,False,494,full,494,full,494,full,494,full
s06e22a,s06,452,1032,False,452,full,452,full,452,full,452,full
s06e22b,s06,486,1032,False,486,full,486,full,486,full,486,full
s06e23a,s06,486,1032,False,486,full,486,full,486,full,486,full
s06e23b,s06,520,1032,False,520,full,520,full,520,full,520,full
s06e24a,s06,457,1032,True,457,full,457,full,457,full,457,full
s06e24b,s06,461,1032,True,461,full,461,full,461,full,461,full
s06e24c,s06,461,1032,True,461,full,461,full,461,full,461,full
s06e24d,s06,490,1032,True,490,full,490,full,490,full,490,full
