episode,n_subjects,n_trs
s01e02a,4,472
s01e02b,4,472
s01e03a,4,503
s01e03b,4,503
s01e04a,4,468
s01e04b,4,468
s01e05a,4,488
s01e05b,4,488
s01e06a,4,482
s01e06b,4,482
s01e07a,4,493
s01e07b,4,493
s01e08a,4,476
s01e08b,4,476
s01e09a,4,468
s01e09b,4,468
s01e10a,4,496
s01e10b,3,496
s01e11a,4,477
s01e11b,4,477
s01e12a,4,472
s01e12b,4,471
s01e13a,4,468
s01e13b,4,468
s01e14a,4,491
s01e14b,4,491
s01e15a,4,477
s01e15b,4,477
s01e16a,4,483
s01e16b,4,483
s01e17a,4,483
s01e17b,4,483
s01e18a,4,497
s01e18b,4,497
s01e19a,4,460
s01e19b,4,460
s01e20a,4,460
s01e20b,4,460
s01e21a,4,477
s01e21b,4,477
s01e22a,3,474
s01e22b,4,474
s01e23a,4,462
s01e23b,4,462
s01e24a,3,515
s01e24b,4,515
s02e01a,4,477
s02e01b,4,477
s02e02a,4,450
s02e02b,4,450
s02e03a,4,464
s02e03b,4,464
s02e04a,4,454
s02e04b,4,454
s02e05a,4,455
s02e05b,4,455
s02e06a,4,500
s02e06b,4,500
s02e07a,4,496
s02e07b,4,496
s02e08a,4,458
s02e08b,4,458
s02e09a,4,452
s02e09b,4,452
s02e10a,4,479
s02e10b,4,479
s02e11a,4,488
s02e11b,4,488
s02e12a,4,488
s02e12b,4,488
s02e13a,4,488
s02e13b,4,488
s02e14a,4,474
s02e14b,4,474
s02e15a,3,466
s02e15b,4,466
s02e16a,4,478
s02e16b,4,478
s02e17a,4,489
s02e17b,4,489
s02e18a,4,460
s02e18b,4,460
s02e19a,4,478
s02e19b,4,478
s02e20a,4,449
s02e20b,4,449
s02e21a,3,470
s02e21b,4,470
s02e22a,4,453
s02e22b,4,453
s02e23a,4,456
s02e23b,4,456
s02e24a,4,469
s02e24b,4,469
s03e01a,4,491
s03e01b,4,491
s03e02a,4,475
s03e02b,4,475
s03e03a,4,454
s03e03b,4,454
s03e04a,4,473
s03e04b,4,473
s03e05a,4,484
s03e05b,3,484
s03e06a,4,470
s03e06b,4,470
s03e07a,4,467
s03e07b,4,467
s03e08a,4,460
s03e08b,4,460
s03e09a,4,493
s03e09b,4,493
s03e10a,4,451
s03e10b,4,451
s03e11a,4,457
s03e11b,4,456
s03e12a,4,464
s03e12b,4,464
s03e13a,4,474
s03e13b,4,473
s03e14a,4,458
s03e14b,4,458
s03e15a,4,458
s03e15b,4,458
s03e16a,4,468
s03e16b,4,468
s03e17a,4,454
s03e17b,3,453
s03e18a,4,469
s03e18b,4,469
s03e19a,4,468
s03e19b,4,468
s03e20a,4,464
s03e20b,4,464
s03e21a,4,460
s03e21b,4,460
s03e22a,4,463
s03e22b,4,463
s03e23a,4,470
s03e23b,4,470
s03e24a,4,454
s03e24b,4,454
s03e25a,4,479
s03e25b,4,479
s04e01a,3,468
s04e01b,3,468
s04e02a,4,478
s04e02b,4,478
s04e03a,4,445
s04e03b,4,445
s04e04a,4,453
s04e04b,4,453
s04e05a,4,471
s04e05b,4,471
s04e06a,4,465
s04e06b,3,465
s04e07a,4,497
s04e07b,4,497
s04e08a,4,503
s04e08b,4,503
s04e09a,4,441
s04e09b,4,441
s04e10a,4,449
s04e10b,4,449
s04e11a,4,483
s04e11b,4,483
s04e12a,4,466
s04e12b,4,466
s04e13a,4,448
s04e13b,3,448
s04e14a,4,447
s04e14b,4,447
s04e15a,4,444
s04e15b,4,444
s04e16a,4,487
s04e16b,3,487
s04e17a,4,478
s04e17b,4,478
s04e18a,4,450
s04e18b,4,450
s04e19a,4,437
s04e19b,4,437
s04e20a,4,447
s04e20b,4,447
s04e21a,4,448
s04e21b,4,448
s04e22a,4,459
s04e22b,4,459
s04e23a,4,505
s04e23b,4,504
s04e23c,4,504
s04e23d,4,504
s05e01a,4,439
s05e01b,4,474
s05e02a,4,495
s05e02b,4,531
s05e03a,4,444
s05e03b,4,474
s05e04a,4,488
s05e04b,4,524
s05e05a,4,486
s05e05b,4,521
s05e06a,4,459
s05e06b,4,493
s05e07a,4,459
s05e07b,4,493
s05e08a,4,446
s05e08b,4,480
s05e09a,4,456
s05e09b,4,490
s05e10a,4,450
s05e10b,4,484
s05e11a,4,476
s05e11b,3,511
s05e12a,4,445
s05e12b,4,480
s05e13a,4,460
s05e13b,4,494
s05e14a,4,486
s05e14b,4,520
s05e15a,4,443
s05e15b,4,477
s05e16a,4,485
s05e16b,4,519
s05e17a,4,452
s05e17b,4,486
s05e18a,4,501
s05e18b,4,535
s05e19a,4,446
s05e19b,4,480
s05e20a,4,443
s05e20b,4,490
s05e21a,4,444
s05e21b,4,478
s05e22a,4,450
s05e22b,3,484
s05e23a,4,454
s05e23b,4,458
s05e23c,4,458
s05e23d,4,488
s06e01a,4,465
s06e01b,4,499
s06e02a,4,453
s06e02b,4,487
s06e03a,3,439
s06e03b,4,473
s06e04a,4,439
s06e04b,4,474
s06e05a,4,452
s06e05b,4,486
s06e06a,4,443
s06e06b,4,478
s06e07a,4,445
s06e07b,3,479
s06e08a,4,438
s06e08b,4,472
s06e09a,4,504
s06e09b,4,537
s06e10a,4,466
s06e10b,4,500
s06e11a,4,450
s06e11b,4,484
s06e12a,4,435
s06e12b,4,470
s06e13a,4,470
s06e13b,4,504
s06e14a,4,461
s06e14b,3,495
s06e15a,4,456
s06e15b,4,460
s06e15c,4,460
s06e15d,4,490
s06e17a,4,428
s06e17b,4,462
s06e18a,4,435
s06e18b,3,470
s06e19a,4,434
s06e19b,4,468
s06e20a,4,431
s06e20b,4,465
s06e21a,4,460
s06e21b,4,494
s06e22a,4,452
s06e22b,4,486
s06e23a,4,486
s06e23b,4,520
s06e24a,4,457
s06e24b,4,461
s06e24c,4,461
s06e24d,4,490
